Query_ID,Target_ID,Optimal_offset,p-value,E-value,q-value,Overlap,Query_consensus,Target_consensus,Orientation,ch_n,RBP_GeneSymbol,TSEN_xcord,TSEN_ycord,annotated_RBP,peason_r,spearman_r
M2Rl2__0,RNCMPT00077,-2.0,0.000125454,0.0127963,0.0156675,7.0,GATTTTTTG,TTTTTTG,+,0,TIA1,4.9891205,-2.9331865,1,0.218,0.244
M2Rl2__1,RNCMPT00088,-1.0,0.00667458,0.680807,0.960878,7.0,CAGAGATGA,AGAGAGG,+,1,SRSF10,4.2423773,-12.24208,0,-0.074,-0.009
M2Rl2__2,RNCMPT00076,0.0,0.00628064,0.640626,0.473826,8.0,AAAATGATT,TGAATGAG,+,2,TARDBP,-8.6751175,3.6567438,0,-0.186,-0.152
M2Rl2__3,RNCMPT00085,-4.0,0.0511329,5.21556,1.0,5.0,TGACCCAGC,GCAGCGC,+,3,ZC3H10,-9.208789,-10.95253,0,-0.145,-0.174
M2Rl2__4,RNCMPT00171,-2.0,0.00430456,0.439065,0.302697,7.0,TAGTTTTGT,ATTTTCT,-,4,PABPC5,8.901459,9.346805,0,0.29,0.32
M2Rl2__5,RNCMPT00150,-2.0,0.00372923,0.380381,0.760763,7.0,TTTGGGAAT,TGGGGAT,+,5,ESRP2,-7.1982203,-0.23531552,0,-0.048,-0.014
M2Rl2__6,RNCMPT00025,-2.0,0.00221534,0.225964,0.165402,7.0,AGAAAAAAT,AAAAAAT,-,6,HNRNPC,-2.395351,-10.282806,0,0.192,0.194
M2Rl2__7,RNCMPT00013,-4.0,0.0737504,7.52254,1.0,5.0,GTATTAGGT,TAGGTAG,+,7,DAZAP1,5.4789047,-10.0088215,0,0.09,0.128
M2Rl2__8,RNCMPT00084,0.0,0.000281016,0.0286637,0.056771,7.0,AGTTGTTTC,TGTTGTT,-,8,YBX2,2.1225173,6.9948077,0,0.036,0.041
M2Rl2__9,RNCMPT00156,-4.0,0.0256077,2.61198,1.0,5.0,CGAAATCTG,ATCTGTC,-,9,CNOT4,1.2750905,11.240516,0,0.175,0.177
M2Rl2__10,RNCMPT00001,-2.0,0.0116411,1.18739,1.0,7.0,ACATAAGTG,ATAATTG,+,10,A1CF,3.0832527,-7.578093,0,0.044,0.066
M2Rl2__11,RNCMPT00033,-2.0,0.00173974,0.177453,0.108672,7.0,GTTAATTGT,TGTTTGT,-,11,IGF2BP2,9.24958,6.34584,0,0.132,0.148
M2Rl2__12,RNCMPT00070,0.0,0.0130778,1.33393,1.0,7.0,GATCAGGTG,GATCAAG,+,12,SNRNP70,-0.23671186,-1.2476714,0,-0.237,-0.254
M2Rl2__13,RNCMPT00075,-2.0,0.021997,2.24369,1.0,7.0,TGAATATAG,AGTATCG,-,13,TUT1,1.7586768,-10.593669,0,0.2,0.194
M2Rl2__14,RNCMPT00153,-2.0,0.0081042,0.826629,1.0,7.0,TTGAGTACC,GAAAACC,+,14,PABPC3,-3.786873,5.859057,0,0.197,0.18
M2Rl2__15,RNCMPT00163,-2.0,0.00182913,0.186571,0.181162,7.0,AGGGGGGCC,GGAGGAG,+,15,SRSF1,-9.731183,-4.3000274,0,-0.243,-0.243
M2Rl2__16,RNCMPT00163,-2.0,0.004529,0.461958,0.484772,7.0,AACTCCGCC,CTCCTCC,-,16,SRSF1,-6.9023776,-8.148624,0,-0.023,-0.057
M2Rl2__17,RNCMPT00159,0.0,0.000940833,0.095965,0.0563064,7.0,TTTTTTGTT,TTTTTTG,+,17,RALY,11.572601,11.004082,0,0.062,0.06
M2Rl2__18,RNCMPT00087,-4.0,0.0465133,4.74435,1.0,5.0,AGTCGAATT,GAATTAAG,+,18,ZCRB1,-3.121057,6.8522654,0,0.094,0.085
M2Rl2__19,RNCMPT00169,1.0,0.000836513,0.0853243,0.164661,6.0,TTTTATATG,CTTTTAT,-,19,KHDRBS1,4.534743,-0.12698999,0,0.129,0.166
M2Rl2__20,RNCMPT00274,0.0,2.25016e-05,0.00229516,0.00427418,7.0,TTTTTTTTT,TTTTTTT,+,20,HuR,12.435656,10.497811,1,0.121,0.127
M2Rl2__21,RNCMPT00185,0.0,0.0137405,1.40153,1.0,7.0,AATAATATG,GATAAAA,+,21,KHDRBS2,-2.1834664,6.825975,0,0.108,0.147
M2Rl2__22,RNCMPT00274,0.0,4.45522e-05,0.00454433,0.00710222,7.0,TTTTTTTGT,TTTTTTT,+,22,HuR,12.717782,9.539239,1,0.199,0.208
M2Rl2__23,RNCMPT00075,0.0,0.0336991,3.43731,0.999999,7.0,GGTATACTA,AGTATCG,-,23,TUT1,-10.592379,10.446516,0,0.166,0.167
M2Rl2__24,RNCMPT00150,2.0,0.00603199,0.615263,0.99341,5.0,CCCCACCTC,ATCCCCA,-,24,ESRP2,-11.768187,-9.3767395,0,-0.119,-0.149
M2Rl2__25,RNCMPT00089,-2.0,0.0769178,7.84561,1.0,7.0,CGCCTCAAT,TTTCTCT,-,25,SRSF10,-5.8026595,4.4855814,0,-0.007,-0.021
M2Rl2__26,RNCMPT00169,-2.0,0.00363179,0.370442,0.509715,7.0,ATATAAAAA,ATAAAAG,+,26,KHDRBS1,-1.9754269,-11.30088,0,0.178,0.205
M2Rl2__27,RNCMPT00055,-1.0,0.0389027,3.96808,1.0,7.0,CACAGGAAA,GAAGGAA,+,27,RBM5,-10.036586,3.8354704,0,0.244,0.258
M2Rl2__28,RNCMPT00074,-2.0,0.0119958,1.22357,0.917077,7.0,AAAGGGGCA,AGGAGCA,+,28,SRSF9,-7.1410666,-5.640628,0,-0.121,-0.179
M2Rl2__29,RNCMPT00150,-1.0,0.0142403,1.45251,1.0,7.0,GTTGTGATT,TGGGGAT,+,29,ESRP2,-8.948603,-1.3899258,0,-0.319,-0.308
M2Rl2__30,RNCMPT00077,-1.0,0.000239781,0.0244577,0.023613,7.0,ATTTTATGA,TTTTTTG,+,30,TIA1,11.551996,7.243224,1,0.161,0.194
M2Rl2__31,RNCMPT00071,-1.0,0.0525235,5.35739,1.0,7.0,GTGGCACCG,TTGCACA,+,31,SNRPA,-13.400188,-3.5196037,0,-0.224,-0.246
M2Rl2__32,RNCMPT00054,0.0,0.00753968,0.769047,1.0,7.0,AATGAATGG,AATCAAT,+,32,RBM46,-1.5707716,-4.69855,0,-0.271,-0.241
M2Rl2__33,RNCMPT00090,-2.0,0.0108203,1.10367,0.907968,7.0,TTCGAGAAA,AGAGAAA,+,33,SRSF10,-9.232121,1.4876164,0,-0.01,-0.02
M2Rl2__34,RNCMPT00044,1.0,0.0111386,1.13613,0.904495,6.0,CGAAGTTTA,GGGAAGG,-,34,PCBP2,1.65754,8.724251,0,0.104,0.126
M2Rl2__35,RNCMPT00001,-1.0,0.00116014,0.118334,0.236668,7.0,GATAATTGT,ATAATTG,+,35,A1CF,16.153942,-3.7340214,0,0.231,0.262
M2Rl2__36,RNCMPT00085,0.0,0.0012673,0.129265,0.258529,7.0,GCGGCGACC,GCAGCGC,+,36,ZC3H10,-12.599533,-4.0638566,0,-0.045,-0.048
M2Rl2__37,RNCMPT00165,0.0,0.000402265,0.041031,0.0502152,7.0,TTTTTTCCA,TTTTTTC,+,37,TIA1,10.648782,8.209581,0,0.175,0.185
M2Rl2__38,RNCMPT00070,0.0,0.0230126,2.34729,1.0,7.0,GATTAAGGG,GATCAAG,+,38,SNRNP70,2.6868503,-2.5839465,0,0.093,0.134
M2Rl2__39,RNCMPT00187,-1.0,0.000800355,0.0816362,0.157557,7.0,TTGTATGGT,TGTGGTG,+,39,BRUNOL6,2.3066382,0.96117514,0,-0.001,0.024
M2Rl2__40,RNCMPT00085,1.0,0.00712463,0.726712,1.0,6.0,CAGCGAACT,GCAGCGC,+,40,ZC3H10,-5.094888,-14.135968,0,-0.146,-0.175
M2Rl2__41,RNCMPT00077,-1.0,3.74773e-05,0.00382268,0.00709463,7.0,TTTTTTTGA,TTTTTTG,+,41,TIA1,11.536661,6.086753,1,0.117,0.141
M2Rl2__42,RNCMPT00171,0.0,0.00391545,0.399376,0.798751,7.0,GTTTTCTAA,ATTTTCT,-,42,PABPC5,11.913565,-1.5069494,0,0.282,0.316
M2Rl2__43,RNCMPT00032,-2.0,0.00609607,0.621799,0.464388,7.0,AATTATTGT,TTATTTT,+,43,HuR,0.49234584,-3.2886314,0,0.035,0.07
M2Rl2__44,RNCMPT00075,-1.0,0.0225286,2.29792,0.999987,7.0,GCAATGCTT,CGATACT,+,44,TUT1,-14.850356,4.694053,0,-0.138,-0.103
M2Rl2__45,RNCMPT00091,0.0,0.00121637,0.124069,0.248139,7.0,ACACGAGAT,ACACAAA,+,45,HNRNPL,-1.6462699,10.036446,0,0.078,0.085
M2Rl2__46,RNCMPT00071,-3.0,0.00560761,0.571976,0.999969,6.0,AAATGTGCA,TGTGCAA,-,46,SNRPA,9.993978,-9.453491,0,-0.281,-0.251
M2Rl2__47,RNCMPT00073,1.0,0.050952,5.19711,1.0,7.0,ACGACTGCG,GACGACGG,+,47,SRSF7,3.2839339,12.707856,0,-0.002,-0.009
M2Rl2__48,RNCMPT00055,-3.0,0.000870909,0.0888327,0.10208,6.0,AATGAAGGA,GAAGGAA,+,48,RBM5,-2.3747215,-5.3405137,0,-0.054,-0.039
M2Rl2__49,RNCMPT00085,-1.0,0.0264675,2.69968,1.0,7.0,AGCAGCCCA,GCAGCGC,+,49,ZC3H10,-9.48997,8.175798,0,-0.06,-0.072
M2Rl2__50,RNCMPT00037,1.0,0.0579515,5.91105,1.0,6.0,AAGATCGTA,CAAGATT,-,50,MATR3,-7.56182,12.896672,0,0.032,0.014
M2Rl2__51,RNCMPT00033,-2.0,0.000298142,0.0304105,0.0351403,7.0,TGTGTTTGT,TGTTTGT,-,51,IGF2BP2,14.158681,7.087103,1,0.099,0.088
M2Rl2__52,RNCMPT00088,0.0,0.00389743,0.397538,0.795076,7.0,AGAGGGTTG,AGAGAGG,+,52,SRSF10,-10.6014595,-2.362803,0,-0.15,-0.147
M2Rl2__53,RNCMPT00049,-2.0,0.00300105,0.306108,0.612215,7.0,GATTGTAGT,GAGTAGA,+,53,RBM28,4.392123,10.447583,0,0.079,0.084
M2Rl2__54,RNCMPT00177,-2.0,0.0148392,1.51359,1.0,7.0,CAGGAATGT,GTAGTGT,+,54,SFPQ,4.7013144,-11.957387,0,-0.22,-0.201
M2Rl2__55,RNCMPT00164,-1.0,0.00462107,0.471349,0.942698,7.0,GTGTCGGTG,TGTTCGT,+,55,ZNF638,0.92097604,1.8513824,0,-0.092,-0.082
M2Rl2__56,RNCMPT00274,0.0,1.96132e-05,0.00200054,0.00184305,7.0,TTTTTTTTT,TTTTTTT,+,56,HuR,13.071272,9.027997,1,0.152,0.186
M2Rl2__57,RNCMPT00012,1.0,0.0191568,1.95399,1.0,6.0,AAAATGGCT,AAAAAAG,-,57,CPEB2,-13.730677,6.8821535,0,-0.358,-0.319
M2Rl2__58,RNCMPT00136,-2.0,0.00117246,0.119591,0.239183,7.0,AAATGGTTT,TTGGTTT,+,58,HuR,10.359521,-8.239459,0,-0.121,-0.09
M2Rl2__59,RNCMPT00032,-1.0,0.00312791,0.319046,0.638093,7.0,ATTATTATT,TTATTTT,+,59,HuR,6.439365,6.4866786,0,0.288,0.308
M2Rl2__60,RNCMPT00161,0.0,0.00659523,0.672713,1.0,8.0,TTATCATTT,TTGTCATT,-,60,FXR1,4.0482183,-5.417906,0,0.275,0.3
M2Rl2__61,RNCMPT00045,-1.0,0.0026703,0.27237,0.241018,7.0,AGGCGCCGC,CGCGCGC,-,61,PPRC1,-8.5004425,-10.731363,0,-0.195,-0.231
M2Rl2__62,RNCMPT00053,0.0,0.008063,0.822426,1.0,7.0,GAAGTATAT,AATGTAT,-,62,RBM41,1.1802227,-6.9765944,0,0.182,0.199
M2Rl2__63,RNCMPT00161,-1.0,0.0281727,2.87362,1.0,8.0,TAATGGCGT,AATGACAA,+,63,FXR1,8.998849,-7.613095,0,-0.347,-0.328
M2Rl2__64,RNCMPT00075,0.0,0.038667,3.94403,1.0,7.0,GGAAAGTGG,CGATACT,+,64,TUT1,2.4539664,-14.528769,0,0.057,0.054
M2Rl2__65,RNCMPT00091,-1.0,0.00801391,0.817419,0.917502,7.0,TACACATAA,ACACAAA,+,65,HNRNPL,-10.936885,4.661947,0,0.07,0.062
M2Rl2__66,RNCMPT00055,-3.0,0.000758075,0.0773236,0.146802,6.0,GATGAAGGA,GAAGGAA,+,66,RBM5,-3.0748198,-4.308729,0,0.005,0.03
M2Rl2__67,RNCMPT00168,-1.0,0.00179204,0.182788,0.365576,7.0,TTCCATGCT,TGCATGC,+,67,RBFOX1,2.213611,-0.4868656,0,-0.116,-0.044
M2Rl2__68,RNCMPT00085,0.0,0.00287446,0.293195,0.321177,7.0,GGGCCGCTG,GCAGCGC,+,68,ZC3H10,-14.612697,-2.8758304,0,-0.14,-0.153
M2Rl2__69,RNCMPT00021,-2.0,0.0162514,1.65764,1.0,7.0,GGAACATGA,AGGATGA,+,69,G3BP2,2.256883,-11.157985,0,-0.043,-0.005
M2Rl2__70,RNCMPT00071,1.0,0.0473803,4.83279,0.999999,6.0,GATCAACTC,TGTGCAA,-,70,SNRPA,-3.12783,-5.915898,0,0.045,0.05
M2Rl2__71,RNCMPT00173,-1.0,0.0147407,1.50355,1.0,7.0,GTATTTCGA,TATATAG,+,71,RBMS3,14.068904,4.296306,0,0.29,0.324
M2Rl2__72,RNCMPT00022,-1.0,0.00195063,0.198964,0.198003,7.0,AATAGCGAA,TTAGGGA,+,72,HNRNPA1,-10.146421,6.23265,0,0.0,-0.01
M2Rl2__73,RNCMPT00037,-2.0,0.00153075,0.156136,0.312273,7.0,TTCAAGAAT,CAAGATT,-,73,MATR3,-9.794506,2.0041473,0,-0.035,-0.051
M2Rl2__74,RNCMPT00001,0.0,0.0155103,1.58205,1.0,7.0,ATAATGGCT,ATAATTG,+,74,A1CF,-13.786983,7.2758746,0,0.128,0.168
M2Rl2__75,RNCMPT00083,-2.0,3.53747e-05,0.00360822,0.00558468,7.0,TGTGATGTT,TGATGTT,-,75,YBX1,3.6042883,0.83482826,1,0.06,0.109
M2Rl2__76,RNCMPT00050,-2.0,0.0023686,0.241597,0.483193,7.0,CGACATATC,TCGTATC,-,76,RBM3,1.3739386,7.182655,0,0.234,0.24
M2Rl2__77,RNCMPT00033,-2.0,0.000764154,0.0779437,0.10656,7.0,AGTGTTTTG,TGTTTGT,-,77,IGF2BP2,10.150007,3.3042743,0,0.055,0.049
M2Rl2__78,RNCMPT00268,-2.0,0.00607343,0.61949,1.0,7.0,AAAGAAGCG,AGAAAAG,-,78,PTBP1,-3.427245,-3.912844,0,0.005,0.016
M2Rl2__79,RNCMPT00117,-1.0,0.00178399,0.181967,0.217104,7.0,ATTTGGTTG,TTTGTTT,+,79,HuR,4.357574,4.110219,0,0.006,0.02
M2Rl2__80,RNCMPT00177,-3.0,0.0162859,1.66117,1.0,6.0,GCTGCAGTG,GTAGTGT,+,80,SFPQ,-13.670399,-0.80817574,0,-0.187,-0.219
M2Rl2__81,RNCMPT00155,0.0,0.00240604,0.245416,0.245752,7.0,AGAAAAACT,AGAAAAA,+,81,PABPC1,0.21116722,-11.921245,0,0.142,0.161
M2Rl2__82,RNCMPT00088,0.0,0.0332691,3.39345,1.0,7.0,AGATGGGAG,AGAGAGG,+,82,SRSF10,10.411109,-8.737436,0,-0.314,-0.315
M2Rl2__83,RNCMPT00164,-2.0,0.000877549,0.08951,0.17902,7.0,CCACGAGCA,ACGAACA,-,83,ZNF638,-4.6995935,-13.743191,0,-0.174,-0.168
M2Rl2__84,RNCMPT00150,0.0,0.00136934,0.139673,0.279346,7.0,GGGGCATTC,TGGGGAT,+,84,ESRP2,-11.672712,-2.8195748,0,-0.062,-0.026
M2Rl2__85,RNCMPT00184,-2.0,0.00734752,0.749447,0.749447,7.0,AAAGTGTGA,AGTGTGA,+,85,RBM24,0.70152193,-6.2938323,0,0.031,0.046
M2Rl2__86,RNCMPT00037,-2.0,0.031698,3.2332,1.0,7.0,CCCCCGGTG,CAAGATT,-,86,MATR3,-13.14965,-0.3026389,0,-0.462,-0.463
M2Rl2__87,RNCMPT00021,0.0,0.00130186,0.132789,0.261756,7.0,CTATCCTCG,TCATCCT,-,87,G3BP2,9.056584,-3.1607723,0,0.216,0.214
M2Rl2__88,RNCMPT00108,-2.0,0.00673412,0.68688,0.584655,7.0,AAGCCGGAG,GGAGGAG,+,88,SRSF1,-5.1142426,-7.897934,0,-0.193,-0.225
M2Rl2__89,RNCMPT00050,1.0,0.0376183,3.83706,0.999999,6.0,TTACGATTG,GATACGA,+,89,RBM3,-2.0393794,11.444364,0,-0.013,-0.017
M2Rl2__90,RNCMPT00112,-2.0,0.00704106,0.718188,0.493176,7.0,TGAAGCATA,AAACAAA,-,90,HuR,-5.4756155,1.93377,0,-0.015,-0.002
M2Rl2__91,RNCMPT00054,0.0,0.00806405,0.822533,1.0,7.0,TTTGATCCG,ATTGATT,-,91,RBM46,8.166998,1.3373542,0,0.022,0.007
M2Rl2__92,RNCMPT00067,-2.0,0.0324434,3.30923,1.0,7.0,GCGTTAGGA,GGAAGGA,+,92,SRSF9,-2.6948514,-7.912198,0,-0.027,-0.011
M2Rl2__93,RNCMPT00086,-2.0,0.0265437,2.70746,1.0,7.0,AATTTGTAT,TTTGTTT,+,93,ZC3H14,8.984578,-4.9925675,0,0.178,0.199
M2Rl2__94,RNCMPT00170,0.0,0.0108231,1.10395,1.0,7.0,CAACCAGTA,AATCCAG,+,94,RBM6,-3.4517584,10.380758,0,-0.04,-0.045
M2Rl2__95,RNCMPT00087,0.0,0.00718069,0.732431,1.0,8.0,GTTAATTCG,CTTAATTC,-,95,ZCRB1,14.9646,-1.7109126,0,0.206,0.22
M2Rl2__96,RNCMPT00185,-1.0,0.0212852,2.17109,1.0,7.0,ATTGAATCT,TTTTATC,-,96,KHDRBS2,5.7665462,-5.819065,0,0.222,0.262
M2Rl2__97,RNCMPT00049,-1.0,0.000894515,0.0912405,0.182481,7.0,CAGTACACT,TCTACTC,-,97,RBM28,-1.795563,3.076396,0,0.132,0.113
M2Rl2__98,RNCMPT00073,0.0,0.00236418,0.241147,0.482293,8.0,GCAGACCGA,GACGACGG,+,98,SRSF7,-9.941459,-7.0620737,0,-0.059,-0.064
M2Rl2__99,RNCMPT00037,-1.0,0.0166824,1.70161,1.0,7.0,CCAAAGTGG,CAAGATT,-,99,MATR3,1.9790285,-13.667138,0,-0.238,-0.23
M2Rl2__100,RNCMPT00083,0.0,0.0129723,1.32318,1.0,7.0,AATATCATT,AACATCA,+,100,YBX1,-6.566076,8.552573,0,0.086,0.077
M2Rl2__101,RNCMPT00136,-2.0,0.0281399,2.87027,0.999997,7.0,TTAAACCGA,AAACCAA,-,101,HuR,-2.8056884,-0.11501629,0,-0.013,-0.01
M2Rl2__102,RNCMPT00168,1.0,0.0384946,3.92645,0.999998,6.0,TATGCCTGT,GCATGCA,-,102,RBFOX1,-1.4901445,-4.1707716,0,-0.28,-0.269
M2Rl2__103,RNCMPT00274,0.0,0.000107471,0.010962,0.0124084,7.0,TTTTTTTGT,TTTTTTT,+,103,HuR,12.314449,8.925802,1,-0.015,-0.003
M2Rl2__104,RNCMPT00018,0.0,0.00657634,0.670787,0.723476,7.0,GCGGGGATG,GCGCGCA,-,104,FUS,-11.9981985,-0.1408514,0,-0.414,-0.416
M2Rl2__105,RNCMPT00044,-2.0,0.00340033,0.346834,0.655463,7.0,TTGGCAAGG,GGGAAGG,-,105,PCBP2,4.0442524,-11.199791,0,-0.243,-0.215
M2Rl2__106,RNCMPT00032,-2.0,0.000586322,0.0598049,0.0590529,7.0,AAAGAATAA,AAAATAA,-,106,HuR,0.5306025,-10.629499,0,0.242,0.252
M2Rl2__107,RNCMPT00079,0.0,0.00389769,0.397565,0.472727,7.0,TTTTTTCAA,TTTTTTC,+,107,U2AF2,-6.30068,6.4216857,0,0.1,0.113
M2Rl2__108,RNCMPT00033,-1.0,0.00176226,0.179751,0.276909,7.0,TAGTTCGTA,TGTTTGT,-,108,IGF2BP2,1.303091,2.509854,0,0.19,0.211
M2Rl2__109,RNCMPT00090,-2.0,0.0667178,6.80522,1.0,7.0,CATGAGTCT,TTTCTCT,-,109,SRSF10,-0.8737137,-3.2174335,0,0.035,0.07
M2Rl2__110,RNCMPT00154,0.0,0.000551128,0.0562151,0.109083,7.0,GAAGGAGGG,GAAGGAG,+,110,RBM5,-0.74642724,-7.3453493,0,-0.076,-0.105
M2Rl2__111,RNCMPT00050,-2.0,0.0114639,1.16931,1.0,7.0,ATCATACGA,GATACGA,+,111,RBM3,-10.192276,11.463713,0,0.205,0.22
M2Rl2__112,RNCMPT00083,0.0,0.0177934,1.81493,1.0,7.0,GCATGTTGT,TGATGTT,-,112,YBX1,9.304309,-9.176675,0,-0.209,-0.198
M2Rl2__113,RNCMPT00076,0.0,0.00283996,0.289676,0.579352,8.0,AAAGTGAAT,TGAATGAG,+,113,TARDBP,-4.8563232,-0.7432427,0,0.189,0.188
M2Rl2__114,RNCMPT00063,-2.0,0.0492617,5.02469,1.0,7.0,CCGTTGGGT,GCTGGAC,+,114,SAMD4A,-7.8404994,-3.5258462,0,-0.206,-0.177
M2Rl2__115,RNCMPT00025,1.0,0.00152148,0.155191,0.147466,6.0,AAAAATTTG,AAAAAAT,-,115,HNRNPC,-0.90294856,5.466632,0,0.143,0.144
M2Rl2__116,RNCMPT00113,-2.0,2.49938e-05,0.00254937,0.00492341,7.0,CCCCCGCCC,CCCGCGC,-,116,RBM4,-8.379745,-8.873991,1,-0.292,-0.303
M2Rl2__117,RNCMPT00171,-2.0,0.021264,2.16893,1.0,7.0,TTTGAAAAT,AGAAAAT,+,117,PABPC5,-6.769411,0.85552037,0,0.184,0.224
M2Rl2__118,RNCMPT00083,0.0,0.000140794,0.014361,0.0214923,7.0,TGGTGTTCT,TGATGTT,-,118,YBX1,2.434585,6.796745,1,-0.132,-0.146
M2Rl2__119,RNCMPT00036,0.0,0.027226,2.77705,1.0,7.0,AATAGAATT,CGGAGAA,+,119,LIN28A,-3.9594045,6.1519513,0,0.068,0.06
M2Rl2__120,RNCMPT00178,-2.0,0.00270566,0.275978,0.190165,7.0,CGTATGTGT,TGTGTGT,-,120,HNRPLL,-15.174951,6.1385465,0,-0.047,0.037
M2Rl2__121,RNCMPT00077,-1.0,4.73284e-06,0.00048275,0.000912414,7.0,GTTTTTTGA,TTTTTTG,+,121,TIA1,10.883445,6.9622593,1,0.213,0.242
M2Rl2__122,RNCMPT00036,-2.0,0.0042746,0.43601,0.499248,7.0,ACCGGAAAA,CGGAGAA,+,122,LIN28A,-7.0408,-1.2327777,0,-0.094,-0.132
M2Rl2__123,RNCMPT00157,-2.0,0.00572677,0.58413,1.0,7.0,GCAGAAGCC,AGAAGAC,+,123,PABPN1,-0.29645407,-13.100783,0,0.043,0.019
M2Rl2__124,RNCMPT00001,-1.0,0.00378449,0.386018,0.772036,7.0,GATAATTGC,ATAATTG,+,124,A1CF,16.117268,-3.3427846,0,0.114,0.144
M2Rl2__125,RNCMPT00269,0.0,0.0174451,1.7794,1.0,7.0,GAAATGTTT,AGAAAGT,-,125,PTBP1,-14.593501,5.9901886,0,-0.416,-0.406
M2Rl2__126,RNCMPT00156,0.0,0.0137516,1.40267,1.0,7.0,GTCTGTGGC,ATCTGTC,-,126,CNOT4,5.8657875,4.0528903,0,0.004,-0.017
M2Rl2__127,RNCMPT00001,-2.0,0.000912803,0.0931059,0.186212,7.0,TGATAATTG,ATAATTG,+,127,A1CF,4.6073427,-6.222279,0,0.024,0.063
M2Rl2__128,RNCMPT00150,-1.0,0.00313012,0.319273,0.504272,7.0,ATGGGGACC,TGGGGAT,+,128,ESRP2,-9.098065,-2.0869167,0,-0.387,-0.377
M2Rl2__129,RNCMPT00045,-2.0,0.00441655,0.450488,0.712608,7.0,AACGGCGCC,GCGCGCG,+,129,PPRC1,-7.3787193,-6.190261,0,-0.225,-0.269
M2Rl2__130,RNCMPT00025,0.0,0.000556332,0.0567459,0.0601734,7.0,AAAAAATGG,AAAAAAT,-,130,HNRNPC,3.509645,-11.116783,0,-0.422,-0.361
M2Rl2__131,RNCMPT00177,-1.0,0.00670558,0.683969,1.0,7.0,GGCAGTTTG,GTAGTGT,+,131,SFPQ,1.7043581,9.078903,0,-0.041,-0.041
M2Rl2__132,RNCMPT00083,-3.0,0.00167381,0.170729,0.261552,6.0,GGAAACATC,AACATCA,+,132,YBX1,-5.6321626,2.8078914,0,-0.125,-0.108
M2Rl2__133,RNCMPT00045,0.0,0.00679294,0.69288,0.778968,7.0,GCGCCCGTG,GCGCGCG,+,133,PPRC1,-13.548734,-2.1892264,0,-0.17,-0.17
M2Rl2__134,RNCMPT00026,1.0,0.0595711,6.07626,1.0,6.0,TAAATCGTA,CCAACCC,+,134,HNRNPK,-7.760306,12.865496,0,0.144,0.144
M2Rl2__135,RNCMPT00156,0.0,0.00977676,0.99723,1.0,7.0,TACAGAACG,GACAGAT,+,135,CNOT4,-11.101669,3.616791,0,0.031,0.05
M2Rl2__136,RNCMPT00186,-1.0,0.0102766,1.04822,0.471963,7.0,GCGTCAGGA,GGAAAGG,-,136,PCBP1,-3.1209602,-7.6856065,0,-0.008,-0.025
M2Rl2__137,RNCMPT00077,1.0,0.0242512,2.47362,1.0,6.0,TTTTTGAAA,TTTTTTG,+,137,TIA1,-8.331202,1.9248173,0,-0.013,0.024
M2Rl2__138,RNCMPT00084,-2.0,0.00259326,0.264512,0.52659,7.0,ATTGTTGTT,TGTTGTT,-,138,YBX2,10.041914,4.2664957,0,0.239,0.254
M2Rl2__139,RNCMPT00063,-1.0,0.0243349,2.48216,1.0,7.0,AACTGAACC,GCTGGAC,+,139,SAMD4A,-7.2605724,-7.445316,0,-0.131,-0.185
M2Rl2__140,RNCMPT00036,-2.0,0.00607988,0.620148,1.0,7.0,AATTCTGCG,TTCTCCG,-,140,LIN28A,4.794184,-1.6444262,0,-0.028,-0.03
M2Rl2__141,RNCMPT00075,-4.0,0.0425384,4.33892,1.0,5.0,AATTCGATA,CGATACT,+,141,TUT1,-6.9621696,4.7672696,0,-0.015,-0.032
M2Rl2__142,RNCMPT00154,-2.0,0.0297043,3.02984,1.0,7.0,CCCATGGGG,GAAGGAG,+,142,RBM5,-15.065686,1.8988266,0,-0.367,-0.388
M2Rl2__143,RNCMPT00076,-3.0,0.00749738,0.764733,1.0,6.0,AATCTCATT,CTCATTCA,-,143,TARDBP,-5.9925394,8.496417,0,0.11,0.13
M2Rl2__144,RNCMPT00045,0.0,0.00154932,0.15803,0.303442,7.0,CGGGGGCAA,CGCGCGC,-,144,PPRC1,-9.960862,-4.744349,0,-0.419,-0.417
M2Rl2__145,RNCMPT00001,0.0,0.0336259,3.42984,1.0,7.0,ATTATTGAA,ATAATTG,+,145,A1CF,-8.517989,12.5618725,0,0.145,0.172
M2Rl2__146,RNCMPT00160,-2.0,0.000735321,0.0750028,0.10353,7.0,GAGTGAGGG,GGGAGGG,+,146,HNRNPH2,-1.5337373,-7.4954295,0,-0.14,-0.19
M2Rl2__147,RNCMPT00036,-2.0,0.00380527,0.388137,0.299684,7.0,TGCAGAGAA,CGGAGAA,+,147,LIN28A,-10.049614,9.148437,0,0.017,0.02
M2Rl2__148,RNCMPT00037,-2.0,0.0163338,1.66604,1.0,7.0,AACATAATG,CAAGATT,-,148,MATR3,-12.147187,1.6231749,0,-0.137,-0.05
M2Rl2__149,RNCMPT00013,-1.0,0.0147465,1.50414,1.0,7.0,CTAGGCAGC,TAGGTAG,+,149,DAZAP1,-3.9179847,1.0064292,0,-0.02,-0.017
M2Rl2__150,RNCMPT00170,1.0,0.0474864,4.84361,1.0,6.0,TTCGCGACG,AATCCAG,+,150,RBM6,-9.668909,0.9134043,0,-0.057,-0.074
M2Rl2__151,RNCMPT00153,-2.0,0.0516428,5.26757,1.0,7.0,CAAGTTACC,GGTTTTC,-,151,PABPC3,-3.0613701,2.409593,0,0.096,0.109
M2Rl2__152,RNCMPT00019,-2.0,6.55836e-05,0.00668952,0.0125305,7.0,TCTTTCTGT,TTTCTCT,-,152,SRSF10,9.670745,-1.0160317,1,-0.045,-0.063
M2Rl2__153,RNCMPT00074,-2.0,0.0155426,1.58535,1.0,7.0,AATGTTCCT,TGCTCCT,-,153,SRSF9,9.221237,2.2105308,0,0.125,0.131
M2Rl2__154,RNCMPT00160,0.0,0.00160408,0.163616,0.322453,7.0,CCCCCCCAG,CCCTCCC,-,154,HNRNPH2,-10.966915,-10.051785,0,-0.131,-0.122
M2Rl2__155,RNCMPT00075,-2.0,0.00465027,0.474327,0.910685,7.0,AACCATACC,CGATACT,+,155,TUT1,-5.711203,-3.1575062,0,-0.032,-0.046
M2Rl2__156,RNCMPT00088,-2.0,9.19116e-05,0.00937498,0.0177696,7.0,CACGAGAAG,AGAGAGG,+,156,SRSF10,-5.723873,-4.9367375,1,-0.076,-0.116
M2Rl2__157,RNCMPT00070,0.0,0.00800292,0.816298,1.0,7.0,CTTGATTCA,CTTGATC,-,157,SNRNP70,8.020437,1.26407,0,0.075,0.086
M2Rl2__158,RNCMPT00025,1.0,0.0254643,2.59736,1.0,6.0,AAAAATTCT,AAAAAAT,-,158,HNRNPC,15.963995,-4.845654,0,0.185,0.198
M2Rl2__159,RNCMPT00086,-1.0,0.00334116,0.340798,0.220459,7.0,ATTTGATTT,TTTGTTT,+,159,ZC3H14,3.7402453,4.669349,0,0.182,0.204
M2Rl2__160,RNCMPT00041,-1.0,0.00235172,0.239875,0.370776,7.0,CCCAACTTC,CTAACTA,-,160,MSI1,-12.199129,-8.231685,0,0.095,0.085
M2Rl2__161,RNCMPT00164,-1.0,0.00617933,0.630292,1.0,7.0,TTGTTCATT,TGTTCGT,+,161,ZNF638,-0.2590707,3.3966184,0,0.106,0.144
M2Rl2__162,RNCMPT00159,-1.0,0.00356207,0.363331,0.439616,7.0,CCAAAAACG,CAAAAAA,-,162,RALY,-1.0564469,-13.360563,0,-0.049,-0.053
M2Rl2__163,RNCMPT00117,-2.0,0.00498258,0.508223,0.566328,7.0,AAATTGTTT,TTTGTTT,+,163,HuR,8.357014,-4.8707824,0,0.236,0.251
M2Rl2__164,RNCMPT00187,0.0,0.0304141,3.10224,1.0,7.0,TGCGGTGGT,TGTGGTG,+,164,BRUNOL6,-0.73436993,0.9071282,0,0.071,0.095
M2Rl2__165,RNCMPT00084,-2.0,0.0169743,1.73138,1.0,7.0,TCAGTGGTT,TGTTGTT,-,165,YBX2,11.199223,1.9575148,0,0.165,0.192
M2Rl2__166,RNCMPT00083,-2.0,0.00450161,0.459164,0.522686,7.0,CGAACACCC,AACATCA,+,166,YBX1,-2.7342806,-14.469018,0,0.031,0.018
M2Rl2__167,RNCMPT00001,-2.0,0.00175488,0.178998,0.357996,7.0,GTTTAATTG,ATAATTG,+,167,A1CF,4.373252,-3.796591,0,0.235,0.232
M2Rl2__168,RNCMPT00001,0.0,0.026208,2.67321,1.0,7.0,TTAGATGGG,ATAATTG,+,168,A1CF,1.1437646,-0.59644866,0,-0.336,-0.25
M2Rl2__169,RNCMPT00033,-1.0,0.00854145,0.871228,0.628164,7.0,ATGATATTG,TGTTTGT,-,169,IGF2BP2,5.2873845,7.387649,0,0.22,0.273
M2Rl2__170,RNCMPT00269,-2.0,0.000168221,0.0171585,0.0324239,7.0,ATAAAAAGT,AGAAAGT,-,170,PTBP1,-0.8992257,-10.148243,1,0.094,0.088
M2Rl2__171,RNCMPT00025,1.0,0.00436161,0.444884,0.442736,6.0,AAAAATTCT,AAAAAAT,-,171,HNRNPC,16.281492,-4.858349,0,0.263,0.307
M2Rl2__172,RNCMPT00112,0.0,0.000347212,0.0354156,0.0318014,7.0,AAACTAAGA,AAACAAA,-,172,HuR,-3.8979275,9.383341,1,0.148,0.155
M2Rl2__173,RNCMPT00150,-1.0,0.0906195,9.24318,0.999935,7.0,TAGTCGAAA,ATCCCCA,-,173,ESRP2,-7.176365,5.033505,0,0.0,-0.011
M2Rl2__174,RNCMPT00110,0.0,0.00193542,0.197413,0.391138,8.0,CGGGACACC,CAGGACAA,+,174,SRSF1,-11.443043,-6.8259864,0,-0.229,-0.243
M2Rl2__175,RNCMPT00001,1.0,0.0218296,2.22662,1.0,6.0,AAATATTGG,CAATTAT,-,175,A1CF,5.946011,-3.28287,0,0.149,0.186
M2Rl2__176,RNCMPT00037,-1.0,0.0348811,3.55787,1.0,7.0,AAATGGTGA,AATCTTG,+,176,MATR3,9.458096,-8.250876,0,-0.172,-0.112
M2Rl2__177,RNCMPT00049,-2.0,0.0239899,2.44697,1.0,7.0,GTTCTATTC,TCTACTC,-,177,RBM28,8.135622,6.3250036,0,0.138,0.155
M2Rl2__178,RNCMPT00241,2.0,0.0302024,3.08065,0.999999,5.0,CGGCATAGT,GACGACA,+,178,RBM45,-4.8078723,-10.953876,0,-0.102,-0.12
M2Rl2__179,RNCMPT00038,2.0,0.0124462,1.26952,1.0,5.0,AAGCTATTG,GCAAGCT,-,179,MBNL1,4.550392,7.21586,0,0.209,0.215
M2Rl2__180,RNCMPT00075,0.0,0.0241457,2.46286,1.0,7.0,CTATACTGC,CGATACT,+,180,TUT1,6.430924,2.6124432,0,0.083,0.117
M2Rl2__181,RNCMPT00064,0.0,0.000691103,0.0704926,0.0636543,7.0,ACAAAAAGA,AGAAAAA,+,181,SART3,-0.42696333,-11.876125,0,-0.029,-0.024
M2Rl2__182,RNCMPT00022,-1.0,0.00510517,0.520727,0.741896,7.0,ATTACGGAA,TTAGGGA,+,182,HNRNPA1,-10.34257,6.2019095,0,-0.03,-0.065
M2Rl2__183,RNCMPT00036,-2.0,0.0423726,4.322,1.0,7.0,TTTGGAAAT,CGGAGAA,+,183,LIN28A,-6.9699106,-0.07574522,0,0.03,0.033
M2Rl2__184,RNCMPT00187,-2.0,0.0226671,2.31204,1.0,7.0,TTTGCGGTG,TGTGGTG,+,184,BRUNOL6,13.173593,1.6959298,0,0.042,0.046
M2Rl2__185,RNCMPT00156,-3.0,0.0242766,2.47622,1.0,6.0,ACATTCGGT,ATCTGTC,-,185,CNOT4,10.601741,-2.974324,0,0.175,0.194
M2Rl2__186,RNCMPT00170,-1.0,0.000507302,0.0517448,0.101981,7.0,TGTGGATTT,CTGGATT,-,186,RBM6,9.778977,0.22963786,0,-0.016,-0.004
M2Rl2__187,RNCMPT00026,-1.0,0.0665258,6.78563,1.0,7.0,GGGGTCACA,GGGTTGG,-,187,HNRNPK,-3.6178493,3.4278688,0,-0.137,-0.152
M2Rl2__188,RNCMPT00187,-2.0,0.00485114,0.494816,0.984152,7.0,AATGTGGGT,TGTGGTG,+,188,BRUNOL6,-2.1340773,-2.0118966,0,-0.382,-0.32
M2Rl2__189,RNCMPT00043,-2.0,8.77362e-05,0.00894909,0.00983996,7.0,TTTTTTTTT,TTTTTTT,-,189,PABPC4,13.083807,10.447061,1,0.104,0.097
M2Rl2__190,RNCMPT00110,-1.0,0.00319915,0.326314,0.557724,8.0,TGTGTACCG,TTGTCCTG,-,190,SRSF1,10.307366,2.452408,0,0.066,0.039
M2Rl2__191,RNCMPT00037,-1.0,0.019797,2.01929,1.0,7.0,ATATCTTGG,AATCTTG,+,191,MATR3,4.7595744,-9.03224,0,0.096,0.119
M2Rl2__192,RNCMPT00043,-2.0,0.000199369,0.0203356,0.0261965,7.0,AATTGTTTT,TTTTTTT,-,192,PABPC4,5.9028196,10.219126,1,0.291,0.337
M2Rl2__193,RNCMPT00025,-4.0,0.0557947,5.69106,1.0,5.0,TCAGATTTT,ATTTTTT,+,193,HNRNPC,15.122105,-5.7920337,0,0.039,0.039
M2Rl2__194,RNCMPT00117,1.0,0.000838492,0.0855262,0.071437,6.0,TTGTTTTTT,TTTGTTT,+,194,HuR,7.9532437,8.929558,0,0.102,0.113
M2Rl2__195,RNCMPT00037,0.0,0.00191011,0.194831,0.389663,7.0,AAAGATGGT,CAAGATT,-,195,MATR3,0.08364273,-4.5493426,0,-0.31,-0.27
M2Rl2__196,RNCMPT00084,-2.0,0.0379878,3.87476,1.0,7.0,GCAACACGG,AACAACA,+,196,YBX2,-1.3959675,-13.905781,0,-0.192,-0.189
M2Rl2__197,RNCMPT00045,-4.0,0.00537459,0.548208,0.449327,5.0,AACTGCGGC,CGCGCGC,-,197,PPRC1,-7.891347,-8.611159,0,-0.453,-0.454
M2Rl2__198,RNCMPT00076,2.0,0.0310387,3.16594,1.0,6.0,AATGATGCC,TGAATGAG,+,198,TARDBP,-0.18568034,-3.7853045,0,-0.293,-0.228
M2Rl2__199,RNCMPT00033,-2.0,0.00319197,0.325581,0.236426,7.0,TCAGTTTTT,TGTTTGT,-,199,IGF2BP2,11.734751,2.913399,0,0.291,0.308
M2Rl2__200,RNCMPT00171,-2.0,0.00780632,0.796244,0.78376,7.0,GTATTCTCT,ATTTTCT,-,200,PABPC5,10.014428,-3.2247314,0,0.17,0.186
M2Rl2__201,RNCMPT00268,-3.0,0.000160038,0.0163238,0.0188322,6.0,TTAAGAAAA,AGAAAAG,-,201,PTBP1,-7.477088,0.77010876,1,0.075,0.088
M2Rl2__202,RNCMPT00090,0.0,0.00234545,0.239236,0.378655,7.0,AGAGGAACT,AGAGAAA,+,202,SRSF10,-5.047263,-1.5997179,0,0.116,0.122
M2Rl2__203,RNCMPT00064,0.0,0.00389567,0.397358,0.283721,7.0,TTATTCTAA,TTTTTCT,-,203,SART3,11.832774,-1.5064919,0,0.306,0.34
M2Rl2__204,RNCMPT00071,1.0,0.0102904,1.04962,0.999998,6.0,TGCACAGTC,TTGCACA,+,204,SNRPA,-10.450607,9.956856,0,0.032,0.035
M2Rl2__205,RNCMPT00168,-1.0,0.00889652,0.907445,1.0,7.0,CAACATGGG,TGCATGC,+,205,RBFOX1,2.1817412,-0.9300237,0,-0.38,-0.4
M2Rl2__206,RNCMPT00075,-2.0,0.0315879,3.22197,1.0,7.0,TTATTATGG,AGTATCG,-,206,TUT1,5.418682,-10.565726,0,0.025,0.064
M2Rl2__207,RNCMPT00047,-1.0,0.0685449,6.99158,1.0,7.0,CGACTAGTG,TGTTAGT,-,207,QKI,-1.7075944,8.46583,0,0.229,0.242
M2Rl2__208,RNCMPT00079,2.0,0.0196114,2.00036,1.0,5.0,TTTTCAATT,TTTTTTC,+,208,U2AF2,2.7989266,-5.095631,0,0.114,0.118
M2Rl2__209,RNCMPT00091,0.0,0.0153527,1.56598,1.0,7.0,ACGCAAAAG,ACACAAA,+,209,HNRNPL,-4.470708,-10.0514145,0,-0.057,-0.069
M2Rl2__210,RNCMPT00086,0.0,0.00378566,0.386137,0.295639,7.0,AAACAAGTG,AAACAAA,-,210,ZC3H14,-3.0759172,10.063419,0,0.131,0.13
M2Rl2__211,RNCMPT00170,-3.0,0.0169961,1.7336,1.0,6.0,GGGAATCGA,AATCCAG,+,211,RBM6,1.4852427,12.023951,0,0.018,0.001
M2Rl2__212,RNCMPT00172,-2.0,0.00429997,0.438597,0.509452,7.0,ATTGTATAT,TGTTTGT,-,212,IGF2BP3,11.183771,4.0751357,0,0.192,0.212
M2Rl2__213,RNCMPT00032,0.0,0.000181503,0.0185133,0.0346337,7.0,TTACTTTTT,TTATTTT,+,213,HuR,7.688065,4.737789,1,0.206,0.241
M2Rl2__214,RNCMPT00086,0.0,7.0249e-05,0.00716539,0.0127661,7.0,TTTGTTTGG,TTTGTTT,+,214,ZC3H14,12.840556,6.8092575,1,0.15,0.147
M2Rl2__215,RNCMPT00090,-1.0,0.0205363,2.0947,0.879616,7.0,TTGACTGTT,TTTCTCT,-,215,SRSF10,3.4846926,12.519725,0,0.107,0.103
M2Rl2__216,RNCMPT00163,0.0,0.000420054,0.0428455,0.0844438,7.0,CTCCCCAGC,CTCCTCC,-,216,SRSF1,5.59184,1.999217,0,-0.051,-0.055
M2Rl2__217,RNCMPT00049,1.0,0.0186607,1.90339,0.999998,6.0,AGTCGATCG,GAGTAGA,+,217,RBM28,2.906076,5.2824283,0,0.064,0.049
M2Rl2__218,RNCMPT00160,0.0,0.0071479,0.729085,0.47802,7.0,ACCTCCGGC,CCCTCCC,-,218,HNRNPH2,-6.8384795,-8.908403,0,-0.225,-0.261
M2Rl2__219,RNCMPT00020,-2.0,0.0140671,1.43484,1.0,7.0,GTCTCATCT,CCCGTCC,-,219,FXR2,5.6902466,-7.7937317,0,-0.017,-0.029
M2Rl2__220,RNCMPT00185,-3.0,0.0171111,1.74534,1.0,6.0,AAATGTTAT,TTTTATC,-,220,KHDRBS2,9.430576,-5.8970637,0,0.156,0.177
M2Rl2__221,RNCMPT00064,0.0,0.00101094,0.103116,0.0990096,7.0,TTCTTTTAG,TTTTTCT,-,221,SART3,6.907311,4.056457,0,0.281,0.31
M2Rl2__222,RNCMPT00187,1.0,0.0191852,1.95689,1.0,6.0,GTATTGCAG,TGTGGTG,+,222,BRUNOL6,-7.960079,-3.0832195,0,-0.108,-0.125
M2Rl2__223,RNCMPT00050,0.0,0.0176743,1.80278,1.0,7.0,AATATGAGT,GATACGA,+,223,RBM3,-14.797305,6.7865605,0,0.053,0.115
M2Rl2__224,RNCMPT00037,-2.0,0.018905,1.92831,1.0,7.0,GAGATGATG,CAAGATT,-,224,MATR3,-12.346505,0.79281014,0,-0.478,-0.479
M2Rl2__225,RNCMPT00150,1.0,0.0315381,3.21689,1.0,6.0,TGGGGTAAC,TGGGGAT,+,225,ESRP2,-10.294843,-4.1283374,0,-0.168,-0.169
M2Rl2__226,RNCMPT00036,0.0,0.0032878,0.335355,0.670711,7.0,CGGAGACCC,CGGAGAA,+,226,LIN28A,-4.2239404,-14.180255,0,-0.17,-0.197
M2Rl2__227,RNCMPT00041,-1.0,0.00124012,0.126492,0.116839,7.0,ATAGTAGAA,TAGTTAG,+,227,MSI1,-5.047615,0.040115036,0,0.067,0.091
M2Rl2__228,RNCMPT00163,-2.0,0.00144682,0.147576,0.141201,7.0,AGCCCCCCC,CTCCTCC,-,228,SRSF1,-9.014284,-9.41422,0,-0.31,-0.326
M2Rl2__229,RNCMPT00045,0.0,0.00486427,0.496156,0.992312,7.0,GCGCGACAC,GCGCGCG,+,229,PPRC1,-11.117924,-11.17016,0,-0.23,-0.26
M2Rl2__230,RNCMPT00268,-2.0,0.00919802,0.938198,1.0,7.0,TGCGTAAAG,AGAAAAG,-,230,PTBP1,-9.902459,-0.5441563,0,0.055,0.056
M2Rl2__231,RNCMPT00019,-1.0,0.00599554,0.611545,0.367548,7.0,CTTCCTCTG,TTTCTCT,-,231,SRSF10,5.692175,-0.39012143,0,0.147,0.151
M2Rl2__232,RNCMPT00073,0.0,0.0278546,2.84117,1.0,8.0,GACAATGGC,GACGACGG,+,232,SRSF7,1.6054732,-0.73794603,0,-0.448,-0.467
M2Rl2__233,RNCMPT00032,-1.0,0.0136787,1.39523,1.0,7.0,ATTATGATG,TTATTTT,+,233,HuR,-13.243492,6.353144,0,-0.11,-0.05
M2Rl2__234,RNCMPT00156,0.0,0.00734727,0.749422,1.0,7.0,ATTTGACTC,ATCTGTC,-,234,CNOT4,3.34479,3.9436414,0,0.132,0.15
M2Rl2__235,RNCMPT00032,0.0,0.00356645,0.363778,0.392048,7.0,TTATTTCGT,TTATTTT,+,235,HuR,13.269823,4.8998046,0,0.173,0.2
M2Rl2__236,RNCMPT00087,-3.0,0.0827941,8.44499,1.0,6.0,GTGCGTTAT,CTTAATTC,-,236,ZCRB1,3.6626747,7.6214705,0,0.172,0.191
M2Rl2__237,RNCMPT00113,0.0,0.00301508,0.307538,0.321266,7.0,CCCCGGGGG,GCGCGGG,+,237,RBM4,-15.666436,1.335489,0,-0.368,-0.323
M2Rl2__238,RNCMPT00173,-3.0,0.00883517,0.901187,1.0,6.0,AAATATATT,TATATAG,+,238,RBMS3,-0.7933754,7.0534306,0,0.249,0.278
M2Rl2__239,RNCMPT00022,-3.0,0.0765095,7.80397,1.0,6.0,GTATCATGG,TTAGGGA,+,239,HNRNPA1,4.0559034,-9.824566,0,0.064,0.079
M2Rl2__240,RNCMPT00153,-1.0,0.0107166,1.0931,1.0,7.0,GGGTTCACC,GGTTTTC,-,240,PABPC3,-3.232679,2.9813628,0,-0.153,-0.145
M2Rl2__241,RNCMPT00084,-1.0,0.0194202,1.98086,1.0,7.0,ACAATGTTT,TGTTGTT,-,241,YBX2,8.334871,-6.22666,0,-0.348,-0.348
M2Rl2__242,RNCMPT00036,-2.0,0.00600643,0.612656,0.442429,7.0,AATGGAAAA,CGGAGAA,+,242,LIN28A,-4.181274,-1.765782,0,-0.311,-0.253
M2Rl2__243,RNCMPT00032,-1.0,0.0186092,1.89814,1.0,7.0,CAAAATGAT,AAAATAA,-,243,HuR,1.2188977,-1.7173377,0,0.016,0.062
M2Rl2__244,RNCMPT00154,1.0,0.0125866,1.28383,0.86537,6.0,TCCTTGTTG,CTCCTTC,-,244,RBM5,7.6119976,-1.5995457,0,-0.011,0.01
M2Rl2__245,RNCMPT00067,-2.0,8.72396e-05,0.00889844,0.0176242,7.0,TTGGAAGGA,GGAAGGA,+,245,SRSF9,-3.3790271,-6.7769346,1,-0.133,-0.143
M2Rl2__246,RNCMPT00032,0.0,0.00902709,0.920763,0.971252,7.0,TTAGTTCGA,TTATTTT,+,246,HuR,13.225999,4.8730865,0,0.154,0.162
M2Rl2__247,RNCMPT00053,1.0,0.0578634,5.90206,1.0,6.0,ATGTAACTT,AATGTAT,-,247,RBM41,4.028013,-4.5995054,0,0.124,0.164
M2Rl2__248,RNCMPT00186,0.0,0.0144783,1.47678,1.0,7.0,GAATTCCCG,CCTTTCC,+,248,PCBP1,11.058936,-4.1899357,0,0.116,0.111
M2Rl2__249,RNCMPT00274,0.0,0.000122777,0.0125232,0.0152323,7.0,TTTTTTTAA,TTTTTTT,+,249,HuR,13.56696,9.701509,1,0.287,0.333
M2Rl2__250,RNCMPT00086,0.0,7.27437e-05,0.00741985,0.0092756,7.0,TTTGTTTTT,TTTGTTT,+,250,ZC3H14,14.41578,7.783091,1,0.223,0.226
M2Rl2__251,RNCMPT00064,1.0,0.00568482,0.579851,0.574435,6.0,GCAAAAGTG,AGAAAAA,+,251,SART3,2.4121938,-8.823134,0,0.13,0.117
M2Rl2__252,RNCMPT00184,-3.0,0.0157355,1.60502,1.0,6.0,ATAAGTATG,AGTGTGA,+,252,RBM24,-1.2021028,6.797091,0,-0.174,-0.112
M2Rl2__253,RNCMPT00117,-2.0,0.0162713,1.65968,1.0,7.0,AATTTGGAT,TTTGTTT,+,253,HuR,-1.8646789,-1.5086005,0,0.042,0.081
M2Rl2__254,RNCMPT00032,-1.0,0.00145598,0.14851,0.294137,7.0,ATTATTTTT,TTATTTT,+,254,HuR,-12.880108,8.606744,0,0.208,0.226
M2Rl2__255,RNCMPT00084,-1.0,0.00132135,0.134778,0.221356,7.0,TAGTTGTTT,TGTTGTT,-,255,YBX2,0.3539642,3.8820913,0,0.108,0.077
