Query_ID,Target_ID,Optimal_offset,p-value,E-value,q-value,Overlap,Query_consensus,Target_consensus,Orientation,ch_n,gradience,pearson_r
human_l3_f_0,RNCMPT00012,0.0,0.000714745,0.072904,0.140715,7.0,AAAATGGAA,AAAAAAG,-,0,-0.040769145,-0.176
human_l3_f_1,RNCMPT00018,-1.0,0.00562475,0.573724,0.669454,7.0,ATGGGGGCC,TGCGCGC,+,1,0.0999722,-0.307
human_l3_f_2,RNCMPT00043,0.0,0.00180945,0.184564,0.138289,7.0,TTGTTTTGT,TTTTTTT,-,2,-0.19161296,0.057
human_l3_f_3,RNCMPT00167,0.0,0.00145716,0.148631,0.123499,7.0,AAAATATGG,AAAAAAT,-,3,-0.28682774,0.019
human_l3_f_4,RNCMPT00167,-1.0,0.00964089,0.98337,0.800263,7.0,CAAAATATG,AAAAAAT,-,4,-0.31685895,-0.308
human_l3_f_5,RNCMPT00184,-3.0,0.00656519,0.669649,1.0,6.0,TTTAGTGTT,AGTGTGA,+,5,0.1738491,0.118
human_l3_f_6,RNCMPT00001,-1.0,0.0135911,1.3863,1.0,7.0,TAAAATTGT,ATAATTG,+,6,0.0029107924,0.232
human_l3_f_7,RNCMPT00041,1.0,0.033773,3.44484,1.0,6.0,TTACTAATT,CTAACTA,-,7,0.03503218,0.178
human_l3_f_8,RNCMPT00112,0.0,0.00821336,0.837763,0.578023,7.0,GTAGTTTAT,TTTGTTT,+,8,0.06029751,0.149
human_l3_f_9,RNCMPT00160,0.0,0.00247087,0.252029,0.378308,7.0,CGCCCCCGG,CCCTCCC,-,9,-0.22110319,-0.3
human_l3_f_10,RNCMPT00150,-3.0,0.00917693,0.936046,0.518494,6.0,TTTTTCCCC,ATCCCCA,-,10,0.1684515,0.054
human_l3_f_11,RNCMPT00185,-2.0,0.0163455,1.66724,1.0,7.0,AAGTTTGTG,TTTTATC,-,11,0.007055251,0.115
human_l3_f_12,RNCMPT00087,0.0,0.0255967,2.61087,1.0,8.0,TATTTAAGA,GAATTAAG,+,12,-0.07613142,-0.152
human_l3_f_13,RNCMPT00157,0.0,0.00175425,0.178934,0.345282,7.0,GTTCTTTCG,GTCTTCT,-,13,0.13070907,0.141
human_l3_f_14,RNCMPT00052,-2.0,0.000409987,0.0418187,0.0784646,7.0,CGGGGGGGC,GCGCGGG,+,14,-0.6050812,-0.367
human_l3_f_15,RNCMPT00085,-2.0,0.00123084,0.125546,0.251092,7.0,AAGCGTCGC,GCAGCGC,+,15,-0.26936853,-0.189
human_l3_f_16,RNCMPT00160,-1.0,0.000331318,0.0337944,0.0652493,7.0,GCCCCCCCC,CCCTCCC,-,16,-0.3682931,-0.385
human_l3_f_17,RNCMPT00168,-3.0,0.0079093,0.806748,1.0,6.0,ATGTCCATG,TGCATGC,+,17,-0.009394283,0.125
human_l3_f_18,RNCMPT00116,-1.0,0.0374063,3.81544,1.0,7.0,CAAATGGGG,TGATGTT,-,18,-0.22471721,-0.232
human_l3_f_19,RNCMPT00037,-1.0,0.00225757,0.230272,0.166044,7.0,CCATGATGT,CAAGATT,-,19,-0.41758007,-0.253
human_l3_f_20,RNCMPT00001,-2.0,0.0380902,3.8852,1.0,7.0,TTTAATAAT,CAATTAT,-,20,0.0422503,0.062
human_l3_f_21,RNCMPT00054,-3.0,0.00332724,0.339379,0.675582,6.0,TAATTTGAT,ATTGATT,-,21,0.051162295,0.235
human_l3_f_22,RNCMPT00001,0.0,0.021744,2.21789,1.0,7.0,TTAATAATT,ATAATTG,+,22,0.21454217,0.253
human_l3_f_23,RNCMPT00032,0.0,0.000108684,0.0110858,0.0213918,7.0,TTATTTTAT,TTATTTT,+,23,-0.07866256,0.224
human_l3_f_24,RNCMPT00083,0.0,0.00205056,0.209157,0.167414,7.0,AACACCAGG,AACATCA,+,24,-0.31486696,-0.233
human_l3_f_25,RNCMPT00083,-3.0,0.00193682,0.197555,0.196601,6.0,TTATGATGT,TGATGTT,-,25,0.02512915,0.158
human_l3_f_26,RNCMPT00032,-1.0,0.000474348,0.0483834,0.0953486,7.0,ATTATTTTT,TTATTTT,+,26,0.57238233,0.392
human_l3_f_27,RNCMPT00084,0.0,0.00523262,0.533728,0.384601,7.0,AAAATTATG,AACAACA,+,27,-0.3669635,-0.004
human_l3_f_28,RNCMPT00165,-1.0,0.0164237,1.67522,0.79932,7.0,TGTAAAATA,GAAAAAA,-,28,-0.03461335,-0.059
human_l3_f_29,RNCMPT00083,-4.0,0.0304935,3.11034,1.0,5.0,GTAATGATG,TGATGTT,-,29,-0.48875725,-0.306
human_l3_f_30,RNCMPT00025,0.0,0.0125522,1.28033,1.0,7.0,AAATAATGT,AAAAAAT,-,30,-0.26795015,-0.204
human_l3_f_31,RNCMPT00160,0.0,0.00194783,0.198679,0.100022,7.0,GGGGGGGGC,GGGAGGG,+,31,-0.18442857,-0.52
human_l3_f_32,RNCMPT00165,0.0,0.0155202,1.58306,1.0,7.0,GCAAATTTG,GAAAAAA,-,32,-0.04764817,-0.182
human_l3_f_33,RNCMPT00163,-2.0,0.00456642,0.465775,0.402168,7.0,GTCGGGGGG,GGAGGAG,+,33,-0.17782776,-0.164
human_l3_f_34,RNCMPT00004,-2.0,0.00161458,0.164687,0.168318,7.0,ATTGTGTTT,TGTGTGT,+,34,0.29662484,0.273
human_l3_f_35,RNCMPT00001,0.0,0.0162999,1.66259,1.0,7.0,TGATGGGTA,ATAATTG,+,35,0.34290987,0.004
human_l3_f_36,RNCMPT00021,0.0,0.00102705,0.104759,0.196507,7.0,AGGACGATG,AGGATGA,+,36,-0.091075554,-0.391
human_l3_f_37,RNCMPT00160,-2.0,0.000682813,0.0696469,0.126687,7.0,GGGGGGGGG,GGGAGGG,+,37,-0.34243974,-0.356
human_l3_f_38,RNCMPT00032,0.0,0.00533532,0.544203,0.978872,7.0,AAAAGAATG,AAAATAA,-,38,0.017174143,0.049
human_l3_f_39,RNCMPT00153,-2.0,0.0247893,2.52851,1.0,7.0,AAGGATTTT,GGTTTTC,-,39,0.26330882,0.148
human_l3_f_40,RNCMPT00013,1.0,0.0979777,9.99373,1.0,6.0,TACCGCCTT,CTACCTA,-,40,-0.109287366,-0.047
human_l3_f_41,RNCMPT00150,-1.0,0.00820061,0.836462,1.0,7.0,ATGGGGCTC,TGGGGAT,+,41,-0.1016047,-0.276
human_l3_f_42,RNCMPT00087,1.0,0.0462609,4.71861,0.999999,7.0,GTAAGTTGA,CTTAATTC,-,42,-0.014234897,-0.102
human_l3_f_43,RNCMPT00156,0.0,0.0123871,1.26349,1.0,7.0,GGCAGATGC,GACAGAT,+,43,-0.08559174,-0.194
human_l3_f_44,RNCMPT00136,-2.0,0.00138871,0.141648,0.281928,7.0,ATATGGATT,TTGGTTT,+,44,0.32232818,-0.307
human_l3_f_45,RNCMPT00162,0.0,0.00283067,0.288729,0.54419,7.0,CGGCGGAAC,CGGAGGA,+,45,-0.25084752,-0.105
human_l3_f_46,RNCMPT00165,-2.0,0.00473808,0.483285,0.542884,7.0,GTGAAAATG,GAAAAAA,-,46,0.3185683,-0.056
human_l3_f_47,RNCMPT00020,1.0,0.00168755,0.17213,0.339233,6.0,TCGTCCCAA,CCCGTCC,-,47,-0.023109375,-0.021
human_l3_f_48,RNCMPT00113,0.0,0.0155872,1.58989,1.0,7.0,CCGGCCACG,CCCGCGC,-,48,-0.31650066,-0.3
human_l3_f_49,RNCMPT00037,-1.0,0.0127752,1.30307,0.648895,7.0,GCATGATGG,CAAGATT,-,49,-0.21056564,-0.283
human_l3_f_50,RNCMPT00088,1.0,0.0167861,1.71218,0.925314,6.0,TCCTCTGAG,CCTCTCT,-,50,0.037771456,-0.077
human_l3_f_51,RNCMPT00073,-2.0,0.000115834,0.0118151,0.0236301,7.0,GCGACGACG,GACGACGG,+,51,-0.2102426,-0.308
human_l3_f_52,RNCMPT00053,-1.0,0.0361889,3.69127,1.0,7.0,AATAGTATT,AATGTAT,-,52,0.14870034,0.21
human_l3_f_53,RNCMPT00037,-1.0,0.011029,1.12496,0.999999,7.0,GCAATATTG,CAAGATT,-,53,-0.0019436848,0.177
human_l3_f_54,RNCMPT00049,0.0,0.0172765,1.7622,1.0,7.0,GTGTAAACC,GAGTAGA,+,54,-0.06542825,0.047
human_l3_f_55,RNCMPT00021,-1.0,0.00710079,0.724281,0.65519,7.0,AAGGATGGG,AGGATGA,+,55,-0.509757,-0.358
human_l3_f_56,RNCMPT00160,-2.0,2.10693e-05,0.00214907,0.00415002,7.0,CGCCCTCCC,CCCTCCC,-,56,-0.3061776,-0.225
human_l3_f_57,RNCMPT00169,0.0,0.0123351,1.25818,0.874852,7.0,TATTTATCT,CTTTTAT,-,57,0.23696353,0.234
human_l3_f_58,RNCMPT00024,-2.0,0.0050388,0.513957,0.898056,7.0,TTATAAGGA,TTAGGGA,+,58,0.19638702,0.092
human_l3_f_59,RNCMPT00187,-2.0,0.0221181,2.25605,0.999999,7.0,AATATGGCG,TGTGGTG,+,59,-0.54034585,-0.448
human_l3_f_60,RNCMPT00033,2.0,0.0527154,5.37697,1.0,5.0,ATTTTAAAA,TGTTTGT,-,60,-0.061072536,-0.125
human_l3_f_61,RNCMPT00055,0.0,0.0247355,2.52302,1.0,7.0,TCACTTCTG,TTCCTTC,-,61,-0.079952866,0.121
human_l3_f_62,RNCMPT00274,-2.0,3.29883e-05,0.0033648,0.00615325,7.0,ATTTTTTTT,TTTTTTT,+,62,0.4237424,-0.288
human_l3_f_63,RNCMPT00037,0.0,0.0303638,3.09711,1.0,7.0,AAAGATGGG,CAAGATT,-,63,-0.35956314,-0.351
human_l3_f_64,RNCMPT00032,0.0,0.00422274,0.430719,0.371351,7.0,AAAATCATT,AAAATAA,-,64,0.02622568,0.229
human_l3_f_65,RNCMPT00072,0.0,0.0645783,6.58699,1.0,8.0,CAACTCTGC,CCTCTCCT,-,65,-0.38843948,-0.077
human_l3_f_66,RNCMPT00012,0.0,0.00497275,0.50722,1.0,7.0,AAAATGGAT,AAAAAAG,-,66,0.19000225,-0.217
human_l3_f_67,RNCMPT00171,-2.0,0.00427379,0.435926,0.482545,7.0,TCAGAGAAT,AGAAAAT,+,67,0.16580181,0.194
human_l3_f_68,RNCMPT00041,-2.0,0.00691987,0.705827,0.983278,7.0,TTTAATAAG,TAGTTAG,+,68,0.09086714,0.025
human_l3_f_69,RNCMPT00160,0.0,0.00886201,0.903925,1.0,7.0,GGGGGGCTC,GGGAGGG,+,69,-0.060034536,-0.341
human_l3_f_70,RNCMPT00032,0.0,0.0120517,1.22927,1.0,7.0,TTAATTTGA,TTATTTT,+,70,0.06231614,0.243
human_l3_f_71,RNCMPT00033,-2.0,0.00121366,0.123794,0.155449,7.0,TATGTTTTT,TGTTTGT,-,71,0.571272,-0.234
human_l3_f_72,RNCMPT00136,0.0,0.000975443,0.0994952,0.192921,7.0,AAACCATGA,AAACCAA,-,72,-0.16323406,-0.168
human_l3_f_73,RNCMPT00063,0.0,0.00432868,0.441525,0.883051,7.0,GGCCACCAT,GTCCAGC,-,73,-0.0075572208,-0.179
human_l3_f_74,RNCMPT00150,-2.0,0.00649256,0.662242,0.903768,7.0,GTTGGGGGC,TGGGGAT,+,74,-0.20432442,-0.177
human_l3_f_75,RNCMPT00116,-3.0,0.00901067,0.919088,1.0,6.0,GAATGATGG,TGATGTT,-,75,0.5117194,-0.359
human_l3_f_76,RNCMPT00023,-1.0,0.0219098,2.2348,0.999999,7.0,TACCCTAAT,TCCCTAA,-,76,0.00476684,-0.014
human_l3_f_77,RNCMPT00057,-2.0,0.0168638,1.72011,1.0,7.0,AAATATGGA,ATATATA,+,77,-0.19871853,-0.304
human_l3_f_78,RNCMPT00053,-2.0,0.0138556,1.41327,1.0,7.0,CAAATGTGT,AATGTAT,-,78,0.11419438,-0.136
human_l3_f_79,RNCMPT00083,-2.0,0.000721771,0.0736207,0.089137,7.0,AATGATGTT,TGATGTT,-,79,0.14253151,-0.161
human_l3_f_80,RNCMPT00116,-3.0,0.00426617,0.435149,0.468377,6.0,TCATGATGG,TGATGTT,-,80,-0.08885303,-0.211
human_l3_f_81,RNCMPT00043,-1.0,9.40749e-05,0.00959564,0.0124656,7.0,TTTTTTTTT,TTTTTTT,-,81,-0.4179871,-0.064
human_l3_f_82,RNCMPT00170,1.0,0.00326132,0.332654,0.588627,6.0,TGGATGCTG,CTGGATT,-,82,-0.08108533,0.066
human_l3_f_83,RNCMPT00184,-1.0,0.0101481,1.03511,1.0,7.0,AATTGTAAA,AGTGTGA,+,83,-0.1354193,-0.063
human_l3_f_84,RNCMPT00161,-1.0,0.000117623,0.0119976,0.0225393,8.0,TTTGTCGTT,TTGTCATT,-,84,-0.24974956,-0.114
human_l3_f_85,RNCMPT00032,-1.0,0.0150248,1.53253,1.0,7.0,TATAATAAA,AAAATAA,-,85,-0.026156567,-0.009
human_l3_f_86,RNCMPT00154,-1.0,0.00321832,0.328268,0.656537,7.0,TCTGCCTCG,CTCCTTC,-,86,-0.04362331,0.046
human_l3_f_87,RNCMPT00075,-3.0,0.00964099,0.983381,1.0,6.0,CTACGATTT,CGATACT,+,87,0.34740025,0.175
human_l3_f_88,RNCMPT00012,1.0,0.0332899,3.39557,1.0,6.0,GAAATGGTT,AAAAAAG,-,88,0.016366236,-0.2
human_l3_f_89,RNCMPT00163,-2.0,0.00613974,0.626253,1.0,7.0,AGGGCCCCC,CTCCTCC,-,89,-0.09844843,-0.328
human_l3_f_90,RNCMPT00160,-2.0,0.000675334,0.0688841,0.114146,7.0,CCGGGGTGG,GGGAGGG,+,90,-0.53132725,-0.333
human_l3_f_91,RNCMPT00001,-3.0,0.0177769,1.81324,1.0,6.0,TTTAAATTT,ATAATTG,+,91,-0.030746847,0.1
human_l3_f_92,RNCMPT00077,0.0,7.40214e-06,0.000755019,0.0014049,7.0,TTTTTTGTA,TTTTTTG,+,92,0.16321416,-0.09
human_l3_f_93,RNCMPT00116,-3.0,0.0274572,2.80063,1.0,6.0,GCGTTATGG,TGATGTT,-,93,0.16838646,0.093
human_l3_f_94,RNCMPT00037,0.0,0.0147092,1.50034,1.0,7.0,AATGATGGA,AATCTTG,+,94,0.007501572,-0.287
human_l3_f_95,RNCMPT00064,0.0,0.00231541,0.236172,0.225448,7.0,TTTGTCTAT,TTTTTCT,-,95,0.12538527,0.205
human_l3_f_96,RNCMPT00043,0.0,0.000209101,0.0213283,0.0197244,7.0,AAAAAAAAA,AAAAAAA,+,96,0.06911327,0.159
human_l3_f_97,RNCMPT00021,-1.0,0.012666,1.29193,1.0,7.0,GATGATGGC,AGGATGA,+,97,-0.29993412,-0.404
human_l3_f_98,RNCMPT00083,-1.0,0.0011717,0.119513,0.204325,7.0,AACATGTTG,TGATGTT,-,98,-0.36979768,-0.27
human_l3_f_99,RNCMPT00025,-2.0,0.00182996,0.186656,0.183964,7.0,CAATATTTT,ATTTTTT,+,99,-0.38758746,-0.082
human_l3_f_100,RNCMPT00170,-1.0,0.00254144,0.259227,0.500646,7.0,GCTGGCAGC,CTGGATT,-,100,-0.0154434405,-0.083
human_l3_f_101,RNCMPT00160,-2.0,0.000124391,0.0126879,0.0252532,7.0,GACGCCCCC,CCCTCCC,-,101,-0.401154,-0.295
human_l3_f_102,RNCMPT00032,-2.0,0.000125316,0.0127823,0.0199022,7.0,TTTTTTTTT,TTATTTT,+,102,0.31970078,0.116
human_l3_f_103,RNCMPT00154,-2.0,0.0170377,1.73785,1.0,7.0,AAGATGGCG,GAAGGAG,+,103,-0.13476345,-0.3
human_l3_f_104,RNCMPT00052,-2.0,0.000436469,0.0445198,0.0410904,7.0,GCGCCCGGG,GCGCGGG,+,104,-0.3319982,-0.351
human_l3_f_105,RNCMPT00187,-1.0,0.0466602,4.75934,1.0,7.0,CCACCATGG,CACCACA,-,105,-0.09631043,-0.311
human_l3_f_106,RNCMPT00033,-2.0,0.00112795,0.115051,0.080771,7.0,TCTGTTTTT,TGTTTGT,-,106,0.1664316,0.156
human_l3_f_107,RNCMPT00001,0.0,0.0180356,1.83963,1.0,7.0,TTAATAATT,ATAATTG,+,107,0.00448368,0.025
human_l3_f_108,RNCMPT00025,-1.0,0.0136961,1.397,0.895146,7.0,GCCAATATG,AAAAAAT,-,108,0.13789172,-0.046
human_l3_f_109,RNCMPT00064,0.0,0.00626388,0.638916,0.50701,7.0,TGTTTATGA,TTTTTCT,-,109,0.11186508,0.142
human_l3_f_110,RNCMPT00001,0.0,0.00916685,0.935018,1.0,7.0,TTAATTTGT,ATAATTG,+,110,-0.039836753,0.216
human_l3_f_111,RNCMPT00160,-2.0,0.000644277,0.0657163,0.0797427,7.0,CCGGCCCCC,CCCTCCC,-,111,-0.23249689,-0.375
human_l3_f_112,RNCMPT00012,1.0,0.0605313,6.17419,1.0,6.0,AAATTGGGG,AAAAAAG,-,112,-0.30218166,-0.272
human_l3_f_113,RNCMPT00063,-3.0,0.00800532,0.816543,1.0,6.0,CGTGTGCAG,GTCCAGC,-,113,-0.42371237,-0.143
human_l3_f_114,RNCMPT00064,0.0,0.00261431,0.266659,0.18878,7.0,TTTTTCTTA,TTTTTCT,-,114,0.39121178,0.22
human_l3_f_115,RNCMPT00274,-2.0,6.90136e-05,0.00703938,0.00658766,7.0,TTTTTTTTT,TTTTTTT,+,115,0.33409792,0.125
human_l3_f_116,RNCMPT00049,-1.0,0.0534254,5.44939,1.0,7.0,TGTCTAAGG,GAGTAGA,+,116,0.24233966,0.026
human_l3_f_117,RNCMPT00274,0.0,5.61799e-05,0.00573035,0.00708532,7.0,TTTTTTTGT,TTTTTTT,+,117,-0.14598963,0.092
human_l3_f_118,RNCMPT00045,-1.0,0.000503931,0.051401,0.0793391,7.0,CGGGCCCGG,GCGCGCG,+,118,-0.12399731,-0.32
human_l3_f_119,RNCMPT00041,0.0,0.0113302,1.15568,1.0,7.0,TAGTAAAAT,TAGTTAG,+,119,0.02082084,0.036
human_l3_f_120,RNCMPT00160,-1.0,0.000818038,0.0834399,0.0721248,7.0,GCCCCCCCC,CCCTCCC,-,120,-0.22612579,-0.415
human_l3_f_121,RNCMPT00032,-2.0,0.00892947,0.910806,0.696395,7.0,CATTATGTT,TTATTTT,+,121,-0.22683498,-0.148
human_l3_f_122,RNCMPT00169,1.0,0.036839,3.75758,1.0,6.0,TTTTGAAAT,CTTTTAT,-,122,0.0038237758,0.078
human_l3_f_123,RNCMPT00054,-1.0,0.0137066,1.39807,1.0,7.0,TAATAAATA,AATCAAT,+,123,0.11308426,0.153
human_l3_f_124,RNCMPT00045,-1.0,0.000490249,0.0500054,0.0980499,7.0,CCGCGGCCG,CGCGCGC,-,124,-0.03423056,-0.397
human_l3_f_125,RNCMPT00177,0.0,0.0232033,2.36674,1.0,7.0,ATATTGTAT,GTAGTGT,+,125,0.158355,0.185
human_l3_f_126,RNCMPT00169,-1.0,0.00026718,0.0272523,0.0542415,7.0,TTTTTTATA,CTTTTAT,-,126,0.2527108,0.281
human_l3_f_127,RNCMPT00160,-2.0,0.00119875,0.122272,0.238513,7.0,GGCCCCCCC,CCCTCCC,-,127,-0.27457848,-0.235
human_l3_f_128,RNCMPT00084,0.0,0.0047115,0.480573,0.603163,7.0,AACCACGCC,AACAACA,+,128,-0.06874132,-0.173
human_l3_f_129,RNCMPT00001,-1.0,0.0408795,4.16971,1.0,7.0,CACTATTGA,ATAATTG,+,129,0.1546775,0.266
human_l3_f_130,RNCMPT00079,-1.0,0.00432533,0.441184,0.260391,7.0,ATTATTTCT,TTTTTTC,+,130,0.47815222,0.348
human_l3_f_131,RNCMPT00186,-1.0,0.0391205,3.99029,1.0,7.0,GCGTAAGGG,GGAAAGG,-,131,0.120159134,0.02
human_l3_f_132,RNCMPT00163,-1.0,0.00335739,0.342454,0.508864,7.0,CCGCCCCCC,CTCCTCC,-,132,0.1337225,-0.113
human_l3_f_133,RNCMPT00001,-1.0,0.00289121,0.294903,0.518618,7.0,TACAAATGT,ATAATTG,+,133,0.36927465,-0.01
human_l3_f_134,RNCMPT00001,-1.0,0.0150253,1.53258,1.0,7.0,ATTAATAGA,ATAATTG,+,134,0.051047795,-0.016
human_l3_f_135,RNCMPT00073,-1.0,0.0118246,1.20611,1.0,8.0,CGATGGCGG,GACGACGG,+,135,-0.44300476,-0.435
human_l3_f_136,RNCMPT00162,0.0,0.00625338,0.637845,0.312002,7.0,CGGATGGGG,CGGAGGA,+,136,0.30454102,-0.312
human_l3_f_137,RNCMPT00073,0.0,0.0697327,7.11274,1.0,8.0,CTGTTGGAG,CCGTCGTC,-,137,0.2862812,0.115
human_l3_f_138,RNCMPT00045,-2.0,0.000333936,0.0340614,0.036318,7.0,GGGCCCGCG,GCGCGCG,+,138,-0.2909037,-0.427
human_l3_f_139,RNCMPT00054,-2.0,0.0279523,2.85114,1.0,7.0,AATTTGATT,ATTGATT,-,139,0.28336874,0.031
human_l3_f_140,RNCMPT00187,-2.0,0.00856828,0.873965,1.0,7.0,AATATGTTG,TGTGGTG,+,140,-0.13382165,-0.298
human_l3_f_141,RNCMPT00072,-1.0,0.0117333,1.19679,1.0,8.0,GACGAGGTG,AGGAGAGG,+,141,-0.10509089,-0.253
human_l3_f_142,RNCMPT00274,-2.0,0.00013401,0.013669,0.0159434,7.0,TTTTTTTTT,TTTTTTT,+,142,-0.011508389,0.171
human_l3_f_143,RNCMPT00019,-1.0,0.00187492,0.191242,0.302471,7.0,TTTGCTCTA,TTTCTCT,-,143,0.040331032,-0.021
human_l3_f_144,RNCMPT00187,-2.0,1.92449e-05,0.00196298,0.00366666,7.0,AACCCCACA,CACCACA,-,144,-0.041126374,0.024
human_l3_f_145,RNCMPT00076,0.0,0.00618493,0.630863,0.981406,8.0,TGTATGATG,TGAATGAG,+,145,0.022895947,-0.26
human_l3_f_146,RNCMPT00037,0.0,0.0282607,2.88259,1.0,7.0,AATATTGCG,AATCTTG,+,146,-0.06473383,-0.375
human_l3_f_147,RNCMPT00045,-1.0,0.00795792,0.811708,0.680449,7.0,CGGCGCCCC,CGCGCGC,-,147,-0.2143138,-0.109
human_l3_f_148,RNCMPT00149,-1.0,0.0408341,4.16507,1.0,7.0,TCCACCATG,CAGACAG,+,148,-0.14398013,-0.215
human_l3_f_149,RNCMPT00052,0.0,0.000160075,0.0163277,0.0154269,7.0,GCCCCCCCC,CCCGCGC,-,149,-0.01625361,-0.16
human_l3_f_150,RNCMPT00159,0.0,1.89629e-05,0.00193422,0.00354231,7.0,TTTTTTGTT,TTTTTTG,+,150,-0.11207835,0.124
human_l3_f_151,RNCMPT00167,-1.0,0.000123653,0.0126126,0.0234816,7.0,AATTTTTTT,ATTTTTT,+,151,-0.0069948165,-0.105
human_l3_f_152,RNCMPT00083,1.0,0.00106599,0.10873,0.13016,6.0,GATGTTTCT,TGATGTT,-,152,-0.01656568,-0.155
human_l3_f_153,RNCMPT00022,0.0,0.0199173,2.03157,1.0,7.0,TTTTGGAAA,TTAGGGA,+,153,-0.3035119,-0.111
human_l3_f_154,RNCMPT00012,-1.0,0.00416935,0.425274,0.834307,7.0,TAAAAATGG,AAAAAAG,-,154,0.19477236,0.01
human_l3_f_155,RNCMPT00274,0.0,0.000160741,0.0163956,0.0152582,7.0,TTTTTTTTT,TTTTTTT,+,155,0.28479305,0.334
human_l3_f_156,RNCMPT00033,0.0,0.0035345,0.360519,0.199865,7.0,TGTTTATGT,TGTTTGT,-,156,0.22395366,-0.018
human_l3_f_157,RNCMPT00113,-1.0,0.00031036,0.0316567,0.0434336,7.0,CCCCGCCCC,CCCGCGC,-,157,-0.076474085,-0.384
human_l3_f_158,RNCMPT00274,0.0,7.44189e-05,0.00759072,0.00873116,7.0,TTTTTTTTT,TTTTTTT,+,158,0.61536396,0.373
human_l3_f_159,RNCMPT00085,-1.0,0.000100082,0.0102084,0.0135678,7.0,GGCCCGGCT,GCGCTGC,-,159,-0.48487332,-0.296
human_l3_f_160,RNCMPT00169,1.0,0.0121561,1.23992,1.0,6.0,TTTAATAAA,CTTTTAT,-,160,0.020326883,0.078
human_l3_f_161,RNCMPT00034,-2.0,0.0483849,4.93526,1.0,7.0,GCCGTTTTA,CGTTTATC,-,161,0.489678,0.12
human_l3_f_162,RNCMPT00160,0.0,0.000131275,0.0133901,0.0256994,7.0,GGGGGGGGG,GGGAGGG,+,162,-0.21200208,-0.463
human_l3_f_163,RNCMPT00049,0.0,0.0590035,6.01836,0.999999,7.0,TCTAAGCTG,TCTACTC,-,163,0.026261833,-0.032
human_l3_f_164,RNCMPT00037,-2.0,0.00456731,0.465866,0.931732,7.0,ATCATGATG,CAAGATT,-,164,-0.093809225,-0.223
human_l3_f_165,RNCMPT00063,1.0,0.0515364,5.25671,1.0,6.0,GTCAACGGT,GTCCAGC,-,165,-0.27153894,-0.087
human_l3_f_166,RNCMPT00241,0.0,0.000101994,0.0104034,0.0207063,7.0,GACGACATG,GACGACA,+,166,-0.28810537,-0.317
human_l3_f_167,RNCMPT00274,-2.0,0.000147761,0.0150716,0.0181357,7.0,TTTTTTTTT,TTTTTTT,+,167,0.26043907,-0.052
human_l3_f_168,RNCMPT00047,0.0,0.00575405,0.586913,0.633381,7.0,TGTAAGAAA,TGTTAGT,-,168,-0.6091003,-0.059
human_l3_f_169,RNCMPT00173,-1.0,0.025857,2.63741,1.0,7.0,GTATAATGT,TATATAG,+,169,0.44375485,-0.36
human_l3_f_170,RNCMPT00032,0.0,7.3455e-05,0.00749241,0.0143124,7.0,TTATTTTAG,TTATTTT,+,170,0.24918395,0.224
human_l3_f_171,RNCMPT00083,-1.0,0.00215774,0.22009,0.438087,7.0,ATGATGATT,TGATGTT,-,171,0.34027562,-0.157
human_l3_f_172,RNCMPT00034,1.0,0.00936934,0.955673,0.936634,7.0,GTGTCTTCA,CGTTTATC,-,172,0.014784326,0.112
human_l3_f_173,RNCMPT00045,-2.0,0.000232172,0.0236816,0.0316946,7.0,GCGGGCGCC,GCGCGCG,+,173,-0.15944609,-0.376
human_l3_f_174,RNCMPT00160,-2.0,0.00536062,0.546783,0.390612,7.0,TTGGCCCCC,CCCTCCC,-,174,-0.021378735,-0.079
human_l3_f_175,RNCMPT00001,0.0,0.0461312,4.70538,1.0,7.0,ATAATAATT,ATAATTG,+,175,-0.0029494194,0.007
human_l3_f_176,RNCMPT00012,-1.0,0.0104747,1.06842,1.0,7.0,TAAAATGGG,AAAAAAG,-,176,-0.26116577,-0.364
human_l3_f_177,RNCMPT00106,0.0,0.00719592,0.733984,0.876271,7.0,GGCCTCCGT,GTCCTCC,-,177,-0.47514132,-0.265
human_l3_f_178,RNCMPT00073,-1.0,0.00877763,0.895319,1.0,8.0,GCCATGGTC,CCGTCGTC,-,178,-0.06456876,-0.261
human_l3_f_179,RNCMPT00165,-1.0,6.27778e-05,0.00640333,0.00390901,7.0,GTTTTTTCT,TTTTTTC,+,179,0.33057463,0.052
human_l3_f_180,RNCMPT00037,0.0,0.00297778,0.303733,0.607466,7.0,CATGATGGA,CAAGATT,-,180,-0.60374993,-0.279
human_l3_f_181,RNCMPT00032,-1.0,0.071138,7.25607,1.0,7.0,TGAACTGAT,AAAATAA,-,181,0.13958953,-0.073
human_l3_f_182,RNCMPT00159,0.0,2.6533e-05,0.00270636,0.00486894,7.0,TTTTTTGTT,TTTTTTG,+,182,0.062678345,0.203
human_l3_f_183,RNCMPT00116,-1.0,0.015724,1.60385,1.0,7.0,ATTATGCTC,TGATGTT,-,183,0.040979248,-0.246
human_l3_f_184,RNCMPT00074,0.0,0.00624594,0.637085,1.0,7.0,TGCGCCTCT,TGCTCCT,-,184,0.3235162,-0.041
human_l3_f_185,RNCMPT00160,0.0,0.00634647,0.64734,1.0,7.0,GCGAGGGCG,GGGAGGG,+,185,-0.5461296,-0.446
human_l3_f_186,RNCMPT00161,-1.0,0.00170873,0.174291,0.348582,8.0,GGTGTCAAT,TTGTCATT,-,186,0.35523614,0.015
human_l3_f_187,RNCMPT00032,-2.0,0.00762181,0.777424,1.0,7.0,TATTAATTT,TTATTTT,+,187,0.18594204,0.301
human_l3_f_188,RNCMPT00154,-2.0,0.00715309,0.729616,1.0,7.0,ATGATGGCG,GAAGGAG,+,188,0.08653086,-0.233
human_l3_f_189,RNCMPT00152,-2.0,0.013969,1.42484,1.0,7.0,CGGAATTTA,GTATATA,-,189,0.24936347,0.191
human_l3_f_190,RNCMPT00136,-1.0,0.00245821,0.250737,0.312654,7.0,TTTGGTGTT,TTGGTTT,+,190,0.04166977,0.026
human_l3_f_191,RNCMPT00166,0.0,8.19577e-06,0.000835969,0.00158973,7.0,TGTGTGTTT,TGTGTGT,+,191,0.055687375,0.004
human_l3_f_192,RNCMPT00117,-1.0,5.74122e-05,0.00585604,0.0112324,7.0,ATTTGTTTT,TTTGTTT,+,192,0.26211423,0.091
human_l3_f_193,RNCMPT00025,-1.0,0.00197435,0.201384,0.249224,7.0,GCAAAGATG,AAAAAAT,-,193,-0.030834524,-0.273
human_l3_f_194,RNCMPT00274,-2.0,0.000477475,0.0487024,0.0625132,7.0,AGTTTTTTT,TTTTTTT,+,194,0.2802426,0.065
human_l3_f_195,RNCMPT00153,0.0,0.00240157,0.24496,0.298248,7.0,GGTTTTATT,GGTTTTC,-,195,0.08623158,0.174
human_l3_f_196,RNCMPT00161,-1.0,0.00257306,0.262452,0.524905,8.0,AAATGAAAA,AATGACAA,+,196,-0.16999887,-0.251
human_l3_f_197,RNCMPT00116,-1.0,0.00111867,0.114104,0.137146,7.0,ATGATGGTC,TGATGTT,-,197,0.0900458,-0.246
human_l3_f_198,RNCMPT00083,-3.0,0.00645551,0.658462,0.802861,6.0,ATATGATGG,TGATGTT,-,198,-0.16504827,-0.238
human_l3_f_199,RNCMPT00063,0.0,0.00948655,0.967628,0.632042,7.0,GCCGGCCCC,GCTGGAC,+,199,-0.20354576,-0.275
human_l3_f_200,RNCMPT00052,0.0,0.000262926,0.0268184,0.0349954,7.0,GCGTGGTGC,GCGCGGG,+,200,0.0109891305,-0.189
human_l3_f_201,RNCMPT00177,1.0,0.0220478,2.24888,1.0,6.0,AATCATTTC,ACACTAC,-,201,0.14290385,-0.069
human_l3_f_202,RNCMPT00083,-2.0,0.0163111,1.66373,1.0,7.0,AATGGTGTC,TGATGTT,-,202,-0.039302044,-0.29
human_l3_f_203,RNCMPT00045,0.0,0.0115181,1.17485,0.635634,7.0,CGCGGCCCC,CGCGCGC,-,203,-0.19168465,-0.344
human_l3_f_204,RNCMPT00274,0.0,0.00010238,0.0104428,0.0147279,7.0,TTTTTTTTT,TTTTTTT,+,204,-0.39260086,-0.228
human_l3_f_205,RNCMPT00041,1.0,0.0175244,1.78748,1.0,6.0,TGTAAGGGG,TAGTTAG,+,205,-0.06636486,-0.123
human_l3_f_206,RNCMPT00026,0.0,0.0151296,1.54322,1.0,7.0,ATGTTGGAT,GGGTTGG,-,206,-0.25085068,-0.247
human_l3_f_207,RNCMPT00160,-1.0,0.000291568,0.0297399,0.0320703,7.0,CCCCCCCCC,CCCTCCC,-,207,-0.0148247145,0.005
human_l3_f_208,RNCMPT00113,0.0,0.00248539,0.25351,0.238237,7.0,CCCGGCCGG,CCCGCGC,-,208,-0.12582372,-0.267
human_l3_f_209,RNCMPT00117,0.0,0.0119765,1.22161,1.0,7.0,TCCGTTTTG,TTTGTTT,+,209,0.45462158,0.229
human_l3_f_210,RNCMPT00087,1.0,0.0235832,2.40549,1.0,7.0,ATTTAATTT,GAATTAAG,+,210,0.14465603,0.149
human_l3_f_211,RNCMPT00177,-1.0,0.0179389,1.82977,0.942918,7.0,CACACCCCA,ACACTAC,-,211,0.07991918,-0.042
human_l3_f_212,RNCMPT00020,0.0,0.00850853,0.867871,1.0,7.0,GGCTGGGGG,GGACGGG,+,212,-0.3405383,-0.344
human_l3_f_213,RNCMPT00037,-2.0,0.00568561,0.579932,0.782943,7.0,GTAAAGATG,CAAGATT,-,213,-0.07535146,-0.374
human_l3_f_214,RNCMPT00170,-1.0,0.00377324,0.384871,0.469265,7.0,TTTGTATTG,CTGGATT,-,214,0.21764222,0.165
human_l3_f_215,RNCMPT00012,0.0,0.00683856,0.697533,0.769202,7.0,AAAATTGGA,AAAAAAG,-,215,0.036631297,0.031
human_l3_f_216,RNCMPT00083,-1.0,0.0156829,1.59965,1.0,7.0,ATGATTATT,TGATGTT,-,216,0.59978086,0.1
human_l3_f_217,RNCMPT00185,-1.0,0.000918546,0.0936917,0.177968,7.0,ATTTTATTG,TTTTATC,-,217,0.0567459,0.128
human_l3_f_218,RNCMPT00185,-2.0,0.00153244,0.156309,0.301571,7.0,CATTTTATG,TTTTATC,-,218,0.4132016,0.155
human_l3_f_219,RNCMPT00160,-2.0,0.000854784,0.087188,0.155421,7.0,CGGGGGGGG,GGGAGGG,+,219,-0.085896045,-0.256
human_l3_f_220,RNCMPT00075,-3.0,0.0618111,6.30473,0.999999,6.0,TTAAGGCTC,AGTATCG,-,220,-0.1820102,-0.082
human_l3_f_221,RNCMPT00021,0.0,0.0496048,5.05968,1.0,7.0,ATGATGGCA,AGGATGA,+,221,0.027907634,-0.215
human_l3_f_222,RNCMPT00053,-3.0,0.0121108,1.2353,1.0,6.0,CTTAATGTG,AATGTAT,-,222,0.25549597,-0.351
human_l3_f_223,RNCMPT00083,-4.0,0.00729346,0.743933,0.743933,5.0,ATAATGATG,TGATGTT,-,223,-0.024237342,-0.101
human_l3_f_224,RNCMPT00269,-3.0,0.0415258,4.23563,1.0,6.0,GCAACTTTT,ACTTTCT,+,224,-0.033418804,0.022
human_l3_f_225,RNCMPT00025,-2.0,0.00183471,0.187141,0.217,7.0,TGCAAAGAT,AAAAAAT,-,225,-0.0676149,-0.027
human_l3_f_226,RNCMPT00087,0.0,0.0237231,2.41976,1.0,8.0,GAAATATGG,GAATTAAG,+,226,-0.5248903,-0.397
human_l3_f_227,RNCMPT00171,2.0,0.0701346,7.15373,1.0,5.0,TTTCAATTT,ATTTTCT,-,227,0.09485224,0.107
human_l3_f_228,RNCMPT00044,0.0,0.0737189,7.51932,1.0,7.0,GTGACCCCT,GGGAAGG,-,228,0.41786224,0.197
human_l3_f_229,RNCMPT00041,-1.0,0.0137434,1.40183,1.0,7.0,TTAGTAATT,TAGTTAG,+,229,-0.02313209,-0.06
human_l3_f_230,RNCMPT00116,-3.0,0.00138081,0.140843,0.152403,6.0,AAATGATGG,TGATGTT,-,230,-0.23118569,-0.355
human_l3_f_231,RNCMPT00167,-2.0,0.0044034,0.449147,0.484671,7.0,ACAATTTTT,ATTTTTT,+,231,0.1325576,0.035
human_l3_f_232,RNCMPT00086,-2.0,0.0242875,2.47733,0.756521,7.0,AAAATGTTT,TTTGTTT,+,232,0.16944908,-0.317
human_l3_f_233,RNCMPT00054,-4.0,0.0648423,6.61392,1.0,5.0,ATAATTTGA,ATTGATT,-,233,0.103547774,0.188
human_l3_f_234,RNCMPT00083,-2.0,0.000479628,0.048922,0.0763965,7.0,AATGATGTT,TGATGTT,-,234,0.34259883,-0.357
human_l3_f_235,RNCMPT00160,-1.0,0.000810231,0.0826435,0.132106,7.0,CCCCCCCCG,CCCTCCC,-,235,0.078734525,-0.098
human_l3_f_236,RNCMPT00116,-3.0,0.00196272,0.200198,0.212136,6.0,AAATGATGT,TGATGTT,-,236,-0.15191399,-0.388
human_l3_f_237,RNCMPT00012,0.0,0.0200112,2.04115,1.0,7.0,TAAAATGGT,AAAAAAG,-,237,0.14049597,0.09
human_l3_f_238,RNCMPT00185,-4.0,0.0216008,2.20328,1.0,5.0,AAGTGATAA,GATAAAA,+,238,0.08083211,0.033
human_l3_f_239,RNCMPT00153,-4.0,0.0198176,2.0214,0.957978,5.0,GGGGGGTTT,GGTTTTC,-,239,0.06715828,-0.018
human_l3_f_240,RNCMPT00187,-1.0,0.00100236,0.102241,0.204482,7.0,ATGTGGGGC,TGTGGTG,+,240,0.06727229,-0.342
human_l3_f_241,RNCMPT00041,0.0,0.00148684,0.151658,0.217948,7.0,TAGTAAGCG,TAGTTAG,+,241,0.028161226,0.002
human_l3_f_242,RNCMPT00074,-3.0,0.017561,1.79122,1.0,6.0,CAAATGGGC,AGGAGCA,+,242,-0.15289772,-0.432
human_l3_f_242,None,0,1,1,1,0,None,None,+,243,-0.1605349,-0.027
human_l3_f_244,RNCMPT00020,-2.0,0.00770698,0.786112,0.711301,7.0,AGCGATGGG,GGACGGG,+,244,-0.40713906,-0.437
human_l3_f_245,RNCMPT00045,-2.0,0.0038951,0.3973,0.254113,7.0,CCCCCGGGG,CGCGCGC,-,245,-0.28036603,-0.385
human_l3_f_246,RNCMPT00085,-1.0,0.013109,1.33712,1.0,7.0,GGCATCCCC,GCAGCGC,+,246,0.018035518,-0.229
human_l3_f_247,RNCMPT00085,-2.0,0.0119857,1.22254,1.0,7.0,CTTCAGCGT,GCAGCGC,+,247,-0.053900696,-0.072
human_l3_f_248,RNCMPT00184,2.0,0.045481,4.63906,1.0,5.0,TGTGAATTA,AGTGTGA,+,248,-0.096540995,-0.019
human_l3_f_249,RNCMPT00037,-2.0,0.000692471,0.070632,0.141264,7.0,AGCAAGATG,CAAGATT,-,249,-0.054148354,-0.159
human_l3_f_250,RNCMPT00054,-2.0,0.0376078,3.83599,1.0,7.0,AAATTGGTT,ATTGATT,-,250,0.06846171,0.12
human_l3_f_251,RNCMPT00037,1.0,0.0258777,2.63953,0.999986,6.0,AAGATGTCT,CAAGATT,-,251,-0.4318194,-0.369
human_l3_f_252,RNCMPT00032,0.0,0.00881344,0.898971,1.0,7.0,AAATTAAAA,AAAATAA,-,252,0.32190728,0.296
human_l3_f_253,RNCMPT00047,0.0,0.0111173,1.13396,1.0,7.0,TGATAGTGA,TGTTAGT,-,253,-0.099474475,-0.104
human_l3_f_254,RNCMPT00037,-2.0,0.00660219,0.673424,0.557955,7.0,ACAATATTG,AATCTTG,+,254,-0.19289674,-0.148
human_l3_f_255,RNCMPT00025,-2.0,0.0122375,1.24823,1.0,7.0,AAATTATTT,ATTTTTT,+,255,0.22587158,0.264
